{
	"id": "29656e0e-b431-4658-909a-925e1d6cc928",
	"name": "RVS-Environment",
	"values": [
		{
			"key": "appkey_rvs",
			"value": "a59beff9-da8f-4700-ab43-240c97e0ac1a",
			"type": "default",
			"enabled": true
		},
		{
			"key": "GetLocalMachinesforSmartKPIVisualization_AreaThing",
			"value": "KBRailPnaPlantThing",
			"type": "default",
			"enabled": true
		},
		{
			"key": "baseurl_rvs",
			"value": "https://smartproductionrvstest.corp.knorr-bremse.com",
			"type": "default",
			"enabled": true
		},
		{
			"key": "responseData",
			"value": "",
			"type": "any",
			"enabled": true
		},
		{
			"key": "GetLocalMachinesforSmartKPIVisualization_expectedDisplayNames",
			"value": "E13,E15",
			"type": "default",
			"enabled": true
		},
		{
			"key": "getOrderNumber_WorkcenterNumber",
			"value": "1012103P",
			"type": "default",
			"enabled": true
		},
		{
			"key": "getOrderNumber_OrderNumber",
			"value": "100071209",
			"type": "default",
			"enabled": true
		},
		{
			"key": "GetOverallPrintStatus_OrderNumber",
			"value": "100071209",
			"type": "default",
			"enabled": true
		},
		{
			"key": "GetOverallPrintStatus_StationName",
			"value": "KBRVSMILSwsL3TestBenchStationThing",
			"type": "default",
			"enabled": true
		},
		{
			"key": "GetOverallPrintStatus_result",
			"value": "true",
			"type": "default",
			"enabled": true
		},
		{
			"key": "GetProtocolPrintStatus_OrderNumber",
			"value": "100071209",
			"type": "default",
			"enabled": true
		},
		{
			"key": "GetProtocolPrintStatus_StationName",
			"value": "KBRVSMILSwsL3TestBenchStationThing",
			"type": "default",
			"enabled": true
		},
		{
			"key": "GetProtocolPrintStatus_result",
			"value": "false",
			"type": "default",
			"enabled": true
		},
		{
			"key": "GetPackagingLabelPrintStatus_StationName",
			"value": "KBRVSMILSwsL3TestBenchStationThing",
			"type": "default",
			"enabled": true
		},
		{
			"key": "GetPackagingLabelPrintStatus_result",
			"value": "true",
			"type": "default",
			"enabled": true
		},
		{
			"key": "GetActualPartsWithRQ_DateStart",
			"value": "2025-01-13T04:50:00.000Z",
			"type": "default",
			"enabled": true
		},
		{
			"key": "GetActualPartsWithRQ_DateEnd",
			"value": "2025-01-13T12:40:00.000Z",
			"type": "default",
			"enabled": true
		},
		{
			"key": "GetActualPartsWithRQ_Machine",
			"value": "KBRVSPNAE15MachineThing",
			"type": "default",
			"enabled": true
		},
		{
			"key": "GetOeeRail_StartDate",
			"value": "2025-01-13T04:50:00.000Z",
			"type": "default",
			"enabled": true
		},
		{
			"key": "GetOeeRail_EndDate",
			"value": "2025-01-13T12:40:00.000Z",
			"type": "default",
			"enabled": true
		},
		{
			"key": "GetOeeRail_Machine",
			"value": "KBRVSPNAE15PLCStationThing",
			"type": "default",
			"enabled": true
		},
		{
			"key": "GetOeeRail_KPIName",
			"value": "OeeRail",
			"type": "default",
			"enabled": true
		},
		{
			"key": "GetActualPartsWithRQ_expectedLabel",
			"value": "Fake Confirmation for 100% RQ",
			"type": "default",
			"enabled": true
		},
		{
			"key": "GetOeeRail_expectedResult",
			"value": "100%",
			"type": "default",
			"enabled": true
		},
		{
			"key": "GetLocalPlantsforSmartKPIVisualization_KBDivisionThingName",
			"value": "KBRailDivisionThing",
			"type": "default",
			"enabled": true
		},
		{
			"key": "GetLocalPlantsforSmartKPIVisualization_expectedThingName",
			"value": "KBMLKRailPlantThing,KBRVSManchesterPlantThing",
			"type": "default",
			"enabled": true
		},
		{
			"key": "GetMenu_username",
			"value": "Administrator",
			"type": "default",
			"enabled": true
		},
		{
			"key": "GetMenu_expectedmenuID",
			"value": "RootAdminStatus,RootAdminStatus1,RootAdminStatus2,RootAdminStatus3",
			"type": "default",
			"enabled": true
		},
		{
			"key": "getSerialNumber_OrderNumber",
			"value": "100071209",
			"type": "default",
			"enabled": true
		},
		{
			"key": "getSerialNumber_expectedSerialNumber",
			"value": "7625031025,7625031026,7625031027,7625031028",
			"type": "default",
			"enabled": true
		},
		{
			"key": "GetLabelPrintStatus_expectedStationResult",
			"value": "true",
			"type": "default",
			"enabled": true
		},
		{
			"key": "GetLabelPrintStatus_StationName",
			"value": "KBRVSMILSwsL3TestBenchStationThing",
			"type": "default",
			"enabled": true
		},
		{
			"key": "findThingsWith_OrderNo",
			"value": "100070447",
			"type": "default",
			"enabled": true
		},
		{
			"key": "findThingsWith_expectedDisplayName",
			"value": "KBRVSMILSwsL3TestBenchStationThing",
			"type": "default",
			"enabled": true
		},
		{
			"key": "GetStationsPropertiesFromDropdown_StationName",
			"value": "All",
			"type": "default",
			"enabled": true
		},
		{
			"key": "GetStationsPropertiesFromDropdown_Printer",
			"value": "All",
			"type": "default",
			"enabled": true
		},
		{
			"key": "GetStationsPropertiesFromDropdown_StationName",
			"value": "KBRVSMILSwsL4TestBenchStationThing, KBRVSMILSwsL3TestBenchStationThing",
			"type": "default",
			"enabled": true
		},
		{
			"key": "GetRailLocalKpisForMenue_expectedDisplayName",
			"value": "CalendarTimeV2,DowntimeV2,DowntimeV2ShiftAdjusted",
			"type": "default",
			"enabled": true
		},
		{
			"key": "GetRailGlobalKpiCalculationBaseForMenue_expectedDisplayname",
			"value": "Day,Shift,Week,Month,Year",
			"type": "default",
			"enabled": true
		}
	],
	"_postman_variable_scope": "environment",
	"_postman_exported_at": "2025-05-02T05:04:32.561Z",
	"_postman_exported_using": "Postman/11.37.5"
}