{
	"info": {
		"_postman_id": "afa59cfa-b620-464f-b738-25d748231197",
		"name": "RVS-Collection",
		"schema": "https://schema.getpostman.com/json/collection/v2.0.0/collection.json",
		"_exporter_id": "34812529"
	},
	"item": [
		{
			"name": "KBManualLabelPrintHelperThing_getOrderNumber",
			"event": [
				{
					"listen": "test",
					"script": {
						"exec": [
							"// Parse the response body as JSON\r",
							"const responseJson = pm.response.json();\r",
							"\r",
							"// Store the response data in an environment variable for later use\r",
							"pm.environment.set(\"responseData\", JSON.stringify(responseJson));\r",
							"\r",
							"// Log the data to the Postman Console for verification\r",
							"console.log(\"Stored response data:\", responseJson);\r",
							"\r",
							"// Retrieve the stored response data from the environment variable\r",
							"const storedResponseData = pm.environment.get(\"responseData\");\r",
							"\r",
							"if (storedResponseData) {\r",
							"    // Parse the stored JSON data\r",
							"    const storedJson = JSON.parse(storedResponseData);\r",
							"    // Parse the current response body\r",
							"    const currentResponseJson = pm.response.json();\r",
							"    // Retrieve the expected value from the environment variable\r",
							"    const expectedOrderNumber = pm.environment.get(\"getOrderNumber_OrderNumber\");\r",
							"\r",
							"    // Test: Check if 'rows' exists and has correct structure\r",
							"    pm.test(\"Response contains 'rows' array\", function() {\r",
							"        pm.expect(currentResponseJson).to.have.property('rows');\r",
							"        pm.expect(currentResponseJson.rows).to.be.an('array').that.is.not.empty;\r",
							"\r",
							"        // Check each object in 'rows' array\r",
							"        currentResponseJson.rows.forEach(row => {\r",
							"            pm.expect(row).to.have.property('OrderNumber')\r",
							"                .that.is.a('string')\r",
							"                .and.is.not.null;\r",
							"        });\r",
							"    });\r",
							"\r",
							"    // Test: Check if 'OrderNumber' in the response matches the environment value\r",
							"    pm.test(\"Check if OrderNumber matches the environment value\", function() {\r",
							"        currentResponseJson.rows.forEach(row => {\r",
							"            pm.expect(row.OrderNumber)\r",
							"                .to.equal(expectedOrderNumber, \r",
							"                `OrderNumber should match the expected value: ${expectedOrderNumber}`);\r",
							"        });\r",
							"    });\r",
							"\r",
							"    // Optional: Compare 'rows' data with stored data\r",
							"    pm.test(\"Compare 'rows' data with stored data\", function() {\r",
							"        const storedRows = storedJson.rows;\r",
							"        const currentRows = currentResponseJson.rows;\r",
							"\r",
							"        // Ensure 'rows' arrays have the same length\r",
							"        pm.expect(currentRows).to.have.lengthOf(storedRows.length);\r",
							"\r",
							"        // Check that every row in the current response matches a row in the stored response\r",
							"        currentRows.forEach(currentRow => {\r",
							"            const match = storedRows.find(storedRow => storedRow.OrderNumber === currentRow.OrderNumber);\r",
							"            pm.expect(match, `Row with OrderNumber \"${currentRow.OrderNumber}\" should be present in stored data`).to.not.be.undefined;\r",
							"            pm.expect(currentRow).to.deep.equal(match);\r",
							"        });\r",
							"    });\r",
							"} else {\r",
							"    pm.test(\"No stored response data found\", function() {\r",
							"        pm.expect.fail(\"Stored response data is missing.\");\r",
							"    });\r",
							"}\r",
							""
						],
						"type": "text/javascript",
						"packages": {}
					}
				}
			],
			"request": {
				"method": "POST",
				"header": [
					{
						"key": "Content-Type",
						"value": "application/json",
						"type": "text"
					},
					{
						"key": "Accept",
						"value": "application/json",
						"type": "text"
					},
					{
						"key": "Cache-Control",
						"value": "no-cache",
						"type": "text"
					}
				],
				"body": {
					"mode": "raw",
					"raw": "{\r\n    \"WorkcenterNumber\":\"{{getOrderNumber_WorkcenterNumber}}\"\r\n}",
					"options": {
						"raw": {
							"language": "json"
						}
					}
				},
				"url": {
					"raw": "{{baseurl_rvs}}/Thingworx/Things/KBManualLabelPrintHelperThing/Services/getOrderNumber?appKey={{appkey_rvs}}",
					"host": [
						"{{baseurl_rvs}}"
					],
					"path": [
						"Thingworx",
						"Things",
						"KBManualLabelPrintHelperThing",
						"Services",
						"getOrderNumber"
					],
					"query": [
						{
							"key": "appKey",
							"value": "{{appkey_rvs}}"
						}
					]
				}
			},
			"response": []
		},
		{
			"name": "KBManualLabelPrintHelperThing_GetEmptySerialNumbers",
			"event": [
				{
					"listen": "test",
					"script": {
						"exec": [
							"// Parse the response body as JSON\r",
							"const responseJson = pm.response.json();\r",
							"\r",
							"// Store the response data in an environment variable for later use\r",
							"pm.environment.set(\"responseData\", JSON.stringify(responseJson));\r",
							"\r",
							"// Log the data to the Postman Console for verification\r",
							"console.log(\"Stored response data:\", responseJson);\r",
							"\r",
							"// Retrieve the stored response data from the environment variable\r",
							"const storedResponseData = pm.environment.get(\"responseData\");\r",
							"\r",
							"if (storedResponseData) {\r",
							"    // Parse the stored JSON data\r",
							"    const storedJson = JSON.parse(storedResponseData);\r",
							"    // Parse the current response body\r",
							"    const currentResponseJson = pm.response.json();\r",
							"\r",
							"    // Test: Check if 'rows' exists and has correct structure\r",
							"    pm.test(\"Response contains 'rows' array\", function() {\r",
							"        pm.expect(currentResponseJson).to.have.property('rows');\r",
							"        pm.expect(currentResponseJson.rows).to.be.an('array').that.is.not.empty;\r",
							"\r",
							"        // Check each object in 'rows' array\r",
							"        currentResponseJson.rows.forEach(row => {\r",
							"            pm.expect(row).to.have.property('OrderNumber').that.is.a('string');\r",
							"            pm.expect(row).to.have.property('SerialNumber').that.is.a('string');\r",
							"            pm.expect(row).to.have.property('SerialNumberExt').that.is.a('string');\r",
							"            pm.expect(row).to.have.property('SerialNumberFull').that.is.a('string');\r",
							"        });\r",
							"    });\r",
							"\r",
							"    // Test: Ensure that all fields in 'rows' are empty strings as expected\r",
							"    pm.test(\"Ensure fields are empty strings\", function() {\r",
							"        currentResponseJson.rows.forEach(row => {\r",
							"            pm.expect(row.OrderNumber).to.equal(\"\", \"OrderNumber should be an empty string\");\r",
							"            pm.expect(row.SerialNumber).to.equal(\"\", \"SerialNumber should be an empty string\");\r",
							"            pm.expect(row.SerialNumberExt).to.equal(\"\", \"SerialNumberExt should be an empty string\");\r",
							"            pm.expect(row.SerialNumberFull).to.equal(\"\", \"SerialNumberFull should be an empty string\");\r",
							"        });\r",
							"    });\r",
							"\r",
							"    // Optional: Compare 'rows' data with stored data\r",
							"    pm.test(\"Compare 'rows' data with stored data\", function() {\r",
							"        const storedRows = storedJson.rows;\r",
							"        const currentRows = currentResponseJson.rows;\r",
							"\r",
							"        // Ensure 'rows' arrays have the same length\r",
							"        pm.expect(currentRows).to.have.lengthOf(storedRows.length);\r",
							"\r",
							"        // Check that every row in the current response matches a row in the stored response\r",
							"        currentRows.forEach(currentRow => {\r",
							"            const match = storedRows.find(storedRow => \r",
							"                storedRow.OrderNumber === currentRow.OrderNumber &&\r",
							"                storedRow.SerialNumber === currentRow.SerialNumber &&\r",
							"                storedRow.SerialNumberExt === currentRow.SerialNumberExt &&\r",
							"                storedRow.SerialNumberFull === currentRow.SerialNumberFull\r",
							"            );\r",
							"            pm.expect(match, `Row should be present in stored data: ${JSON.stringify(currentRow)}`).to.not.be.undefined;\r",
							"            pm.expect(currentRow).to.deep.equal(match);\r",
							"        });\r",
							"    });\r",
							"} else {\r",
							"    pm.test(\"No stored response data found\", function() {\r",
							"        pm.expect.fail(\"Stored response data is missing.\");\r",
							"    });\r",
							"}\r",
							""
						],
						"type": "text/javascript",
						"packages": {}
					}
				}
			],
			"request": {
				"method": "POST",
				"header": [
					{
						"key": "Content-Type",
						"value": "application/json",
						"type": "text"
					},
					{
						"key": "Accept",
						"value": "application/json",
						"type": "text"
					},
					{
						"key": "Cache-Control",
						"value": "no-cache",
						"type": "text"
					}
				],
				"url": {
					"raw": "{{baseurl_rvs}}/Thingworx/Things/KBManualLabelPrintHelperThing/Services/GetEmptySerialNumbers?appKey={{appkey_rvs}}",
					"host": [
						"{{baseurl_rvs}}"
					],
					"path": [
						"Thingworx",
						"Things",
						"KBManualLabelPrintHelperThing",
						"Services",
						"GetEmptySerialNumbers"
					],
					"query": [
						{
							"key": "appKey",
							"value": "{{appkey_rvs}}"
						}
					]
				}
			},
			"response": []
		},
		{
			"name": "KBManualLabelPrintHelperThing_GetOverallPrintStatus",
			"event": [
				{
					"listen": "test",
					"script": {
						"exec": [
							"// Parse the response body as JSON\r",
							"const responseJson = pm.response.json();\r",
							"\r",
							"// Store the response data in an environment variable for later use\r",
							"pm.environment.set(\"responseData\", JSON.stringify(responseJson));\r",
							"\r",
							"// Log the data to the Postman Console for verification\r",
							"console.log(\"Stored response data:\", responseJson);\r",
							"\r",
							"// Retrieve the stored response data from the environment variable\r",
							"const storedResponseData = pm.environment.get(\"responseData\");\r",
							"\r",
							"if (storedResponseData) {\r",
							"    // Parse the stored JSON data\r",
							"    const storedJson = JSON.parse(storedResponseData);\r",
							"    // Parse the current response body\r",
							"    const currentResponseJson = pm.response.json();\r",
							"    \r",
							"    // Retrieve the expected value from the environment variable and convert it to a boolean\r",
							"    const expectedResultString = pm.environment.get(\"GetOverallPrintStatus_result\");\r",
							"    const expectedResult = (expectedResultString === \"true\"); // Convert the string \"true\" to boolean true\r",
							"\r",
							"    // Test: Check if 'rows' exists and has the correct structure\r",
							"    pm.test(\"Response contains 'rows' array\", function() {\r",
							"        pm.expect(currentResponseJson).to.have.property('rows');\r",
							"        pm.expect(currentResponseJson.rows).to.be.an('array').that.is.not.empty;\r",
							"\r",
							"        // Check each object in the 'rows' array\r",
							"        currentResponseJson.rows.forEach(row => {\r",
							"            pm.expect(row).to.have.property('result').that.is.a('boolean');  // 'result' should be a boolean\r",
							"        });\r",
							"    });\r",
							"\r",
							"    // Test: Check if the 'result' value matches the expected value from the environment variable\r",
							"    pm.test(\"Check if 'result' matches expected value\", function() {\r",
							"        currentResponseJson.rows.forEach(row => {\r",
							"            pm.expect(row.result).to.equal(expectedResult, `'result' should be equal to ${expectedResult}`);\r",
							"        });\r",
							"    });\r",
							"\r",
							"    // Optional: Compare 'rows' data with stored data\r",
							"    pm.test(\"Compare 'rows' data with stored data\", function() {\r",
							"        const storedRows = storedJson.rows;\r",
							"        const currentRows = currentResponseJson.rows;\r",
							"\r",
							"        // Ensure 'rows' arrays have the same length\r",
							"        pm.expect(currentRows).to.have.lengthOf(storedRows.length);\r",
							"\r",
							"        // Check that every row in the current response matches a row in the stored response\r",
							"        currentRows.forEach(currentRow => {\r",
							"            const match = storedRows.find(storedRow => storedRow.result === currentRow.result);\r",
							"            pm.expect(match, `Row with result \"${currentRow.result}\" should be present in stored data`).to.not.be.undefined;\r",
							"            pm.expect(currentRow).to.deep.equal(match);\r",
							"        });\r",
							"    });\r",
							"} else {\r",
							"    pm.test(\"No stored response data found\", function() {\r",
							"        pm.expect.fail(\"Stored response data is missing.\");\r",
							"    });\r",
							"}\r",
							""
						],
						"type": "text/javascript",
						"packages": {}
					}
				}
			],
			"request": {
				"method": "POST",
				"header": [
					{
						"key": "Content-Type",
						"value": "application/json",
						"type": "text"
					},
					{
						"key": "Accept",
						"value": "application/json",
						"type": "text"
					},
					{
						"key": "Cache-Control",
						"value": "no-cache",
						"type": "text"
					}
				],
				"body": {
					"mode": "raw",
					"raw": "{\r\n    \"OrderNumber\":\"{{GetOverallPrintStatus_OrderNumber}}\",\r\n    \"StationName\":\"{{GetOverallPrintStatus_StationName}}\"\r\n}",
					"options": {
						"raw": {
							"language": "json"
						}
					}
				},
				"url": {
					"raw": "{{baseurl_rvs}}/Thingworx/Things/KBManualLabelPrintHelperThing/Services/GetOverallPrintStatus?appKey={{appkey_rvs}}",
					"host": [
						"{{baseurl_rvs}}"
					],
					"path": [
						"Thingworx",
						"Things",
						"KBManualLabelPrintHelperThing",
						"Services",
						"GetOverallPrintStatus"
					],
					"query": [
						{
							"key": "appKey",
							"value": "{{appkey_rvs}}"
						}
					]
				}
			},
			"response": []
		},
		{
			"name": "KBManualLabelPrintHelperThing_GetProtocolPrintStatus",
			"event": [
				{
					"listen": "test",
					"script": {
						"exec": [
							"// Parse the response body as JSON\r",
							"const responseJson = pm.response.json();\r",
							"\r",
							"// Store the response data in an environment variable for later use\r",
							"pm.environment.set(\"responseData\", JSON.stringify(responseJson));\r",
							"\r",
							"// Log the data to the Postman Console for verification\r",
							"console.log(\"Stored response data:\", responseJson);\r",
							"\r",
							"// Retrieve the stored response data from the environment variable\r",
							"const storedResponseData = pm.environment.get(\"responseData\");\r",
							"\r",
							"if (storedResponseData) {\r",
							"    // Parse the stored JSON data\r",
							"    const storedJson = JSON.parse(storedResponseData);\r",
							"    // Parse the current response body\r",
							"    const currentResponseJson = pm.response.json();\r",
							"    \r",
							"    // Retrieve the expected value from the environment variable and convert it to a boolean\r",
							"    const expectedResultString = pm.environment.get(\"GetProtocolPrintStatus_result\");\r",
							"    const expectedResult = (expectedResultString === \"true\"); // Convert the string \"true\" to boolean true\r",
							"\r",
							"    // Test: Check if 'rows' exists and has the correct structure\r",
							"    pm.test(\"Response contains 'rows' array\", function() {\r",
							"        pm.expect(currentResponseJson).to.have.property('rows');\r",
							"        pm.expect(currentResponseJson.rows).to.be.an('array').that.is.not.empty;\r",
							"\r",
							"        // Check each object in the 'rows' array\r",
							"        currentResponseJson.rows.forEach(row => {\r",
							"            pm.expect(row).to.have.property('result').that.is.a('boolean');  // 'result' should be a boolean\r",
							"        });\r",
							"    });\r",
							"\r",
							"    // Test: Check if the 'result' value matches the expected value from the environment variable\r",
							"    pm.test(\"Check if 'result' matches expected value\", function() {\r",
							"        currentResponseJson.rows.forEach(row => {\r",
							"            pm.expect(row.result).to.equal(expectedResult, `'result' should be equal to ${expectedResult}`);\r",
							"        });\r",
							"    });\r",
							"\r",
							"    // Optional: Compare 'rows' data with stored data\r",
							"    pm.test(\"Compare 'rows' data with stored data\", function() {\r",
							"        const storedRows = storedJson.rows;\r",
							"        const currentRows = currentResponseJson.rows;\r",
							"\r",
							"        // Ensure 'rows' arrays have the same length\r",
							"        pm.expect(currentRows).to.have.lengthOf(storedRows.length);\r",
							"\r",
							"        // Check that every row in the current response matches a row in the stored response\r",
							"        currentRows.forEach(currentRow => {\r",
							"            const match = storedRows.find(storedRow => storedRow.result === currentRow.result);\r",
							"            pm.expect(match, `Row with result \"${currentRow.result}\" should be present in stored data`).to.not.be.undefined;\r",
							"            pm.expect(currentRow).to.deep.equal(match);\r",
							"        });\r",
							"    });\r",
							"} else {\r",
							"    pm.test(\"No stored response data found\", function() {\r",
							"        pm.expect.fail(\"Stored response data is missing.\");\r",
							"    });\r",
							"}\r",
							""
						],
						"type": "text/javascript",
						"packages": {}
					}
				}
			],
			"request": {
				"method": "POST",
				"header": [
					{
						"key": "Content-Type",
						"value": "application/json",
						"type": "text"
					},
					{
						"key": "Accept",
						"value": "application/json",
						"type": "text"
					},
					{
						"key": "Cache-Control",
						"value": "no-cache",
						"type": "text"
					}
				],
				"body": {
					"mode": "raw",
					"raw": "{\r\n    \"OrderNumber\":\"{{GetProtocolPrintStatus_OrderNumber}}\",\r\n    \"StationName\":\"{{GetProtocolPrintStatus_StationName}}\"\r\n}",
					"options": {
						"raw": {
							"language": "json"
						}
					}
				},
				"url": {
					"raw": "{{baseurl_rvs}}/Thingworx/Things/KBManualLabelPrintHelperThing/Services/GetProtocolPrintStatus?appKey={{appkey_rvs}}",
					"host": [
						"{{baseurl_rvs}}"
					],
					"path": [
						"Thingworx",
						"Things",
						"KBManualLabelPrintHelperThing",
						"Services",
						"GetProtocolPrintStatus"
					],
					"query": [
						{
							"key": "appKey",
							"value": "{{appkey_rvs}}"
						}
					]
				}
			},
			"response": []
		},
		{
			"name": "KBManualLabelPrintHelperThing_GetPackagingLabelPrintStatus",
			"event": [
				{
					"listen": "test",
					"script": {
						"exec": [
							"// Parse the response body as JSON\r",
							"const responseJson = pm.response.json();\r",
							"\r",
							"// Store the response data in an environment variable for later use\r",
							"pm.environment.set(\"responseData\", JSON.stringify(responseJson));\r",
							"\r",
							"// Log the data to the Postman Console for verification\r",
							"console.log(\"Stored response data:\", responseJson);\r",
							"\r",
							"// Retrieve the stored response data from the environment variable\r",
							"const storedResponseData = pm.environment.get(\"responseData\");\r",
							"\r",
							"if (storedResponseData) {\r",
							"    // Parse the stored JSON data\r",
							"    const storedJson = JSON.parse(storedResponseData);\r",
							"    // Parse the current response body\r",
							"    const currentResponseJson = pm.response.json();\r",
							"    \r",
							"    // Retrieve the expected value from the environment variable and convert it to a boolean\r",
							"    const expectedResultString = pm.environment.get(\"GetPackagingLabelPrintStatus_result\");\r",
							"    const expectedResult = (expectedResultString === \"true\"); // Convert the string \"true\" to boolean true\r",
							"\r",
							"    // Test: Check if 'rows' exists and has the correct structure\r",
							"    pm.test(\"Response contains 'rows' array\", function() {\r",
							"        pm.expect(currentResponseJson).to.have.property('rows');\r",
							"        pm.expect(currentResponseJson.rows).to.be.an('array').that.is.not.empty;\r",
							"\r",
							"        // Check each object in the 'rows' array\r",
							"        currentResponseJson.rows.forEach(row => {\r",
							"            pm.expect(row).to.have.property('result').that.is.a('boolean');  // 'result' should be a boolean\r",
							"        });\r",
							"    });\r",
							"\r",
							"    // Test: Check if the 'result' value matches the expected value from the environment variable\r",
							"    pm.test(\"Check if 'result' matches expected value\", function() {\r",
							"        currentResponseJson.rows.forEach(row => {\r",
							"            pm.expect(row.result).to.equal(expectedResult, `result should be equal to ${expectedResult}`);\r",
							"        });\r",
							"    });\r",
							"\r",
							"    // Optional: Compare 'rows' data with stored data\r",
							"    pm.test(\"Compare 'rows' data with stored data\", function() {\r",
							"        const storedRows = storedJson.rows;\r",
							"        const currentRows = currentResponseJson.rows;\r",
							"\r",
							"        // Ensure 'rows' arrays have the same length\r",
							"        pm.expect(currentRows).to.have.lengthOf(storedRows.length);\r",
							"\r",
							"        // Check that every row in the current response matches a row in the stored response\r",
							"        currentRows.forEach(currentRow => {\r",
							"            const match = storedRows.find(storedRow => storedRow.result === currentRow.result);\r",
							"            pm.expect(match, `Row with result \"${currentRow.result}\" should be present in stored data`).to.not.be.undefined;\r",
							"            pm.expect(currentRow).to.deep.equal(match);\r",
							"        });\r",
							"    });\r",
							"} else {\r",
							"    pm.test(\"No stored response data found\", function() {\r",
							"        pm.expect.fail(\"Stored response data is missing.\");\r",
							"    });\r",
							"}\r",
							""
						],
						"type": "text/javascript",
						"packages": {}
					}
				}
			],
			"request": {
				"method": "POST",
				"header": [
					{
						"key": "Content-Type",
						"value": "application/json",
						"type": "text"
					},
					{
						"key": "Accept",
						"value": "application/json",
						"type": "text"
					},
					{
						"key": "Cache-Control",
						"value": "no-cache",
						"type": "text"
					}
				],
				"body": {
					"mode": "raw",
					"raw": "{\r\n    \"StationName\":\"{{GetPackagingLabelPrintStatus_StationName}}\"\r\n}",
					"options": {
						"raw": {
							"language": "json"
						}
					}
				},
				"url": {
					"raw": "{{baseurl_rvs}}/Thingworx/Things/KBManualLabelPrintHelperThing/Services/GetPackagingLabelPrintStatus?appKey={{appkey_rvs}}",
					"host": [
						"{{baseurl_rvs}}"
					],
					"path": [
						"Thingworx",
						"Things",
						"KBManualLabelPrintHelperThing",
						"Services",
						"GetPackagingLabelPrintStatus"
					],
					"query": [
						{
							"key": "appKey",
							"value": "{{appkey_rvs}}"
						}
					]
				}
			},
			"response": []
		},
		{
			"name": "KBSmartKPIHelperThing-GetLocalPlantsforSmartKPIVisualization",
			"event": [
				{
					"listen": "test",
					"script": {
						"exec": [
							"// Parse the response body as JSON\r",
							"const responseJson = pm.response.json();\r",
							" \r",
							"// Store the response data in an environment variable for later use\r",
							"pm.environment.set(\"responseData\", JSON.stringify(responseJson));\r",
							" \r",
							"// Log the data to the Postman Console for verification\r",
							"console.log(\"Stored response data:\", responseJson);\r",
							" \r",
							"// Retrieve the stored response data from the environment variable\r",
							"const storedResponseData = pm.environment.get(\"responseData\");\r",
							" \r",
							"if (storedResponseData) {\r",
							"    // Parse the stored JSON data\r",
							"    const storedJson = JSON.parse(storedResponseData);\r",
							"    // Parse the current response body\r",
							"    const currentResponseJson = pm.response.json();\r",
							"    // Retrieve the expected JobOrderUIDs from the environment variable\r",
							"    const expectedThingNameString= pm.environment.get(\"GetLocalPlantsforSmartKPIVisualization_expectedThingName\");\r",
							" \r",
							"    // Check if the variable exists and split it into an array\r",
							"    if (expectedThingNameString) {\r",
							"        const expectedThingNames = expectedThingNameString.split(',');\r",
							" \r",
							"        // Test: Check if 'rows' exists and has correct structure\r",
							"        pm.test(\"Response contains 'rows' array\", function() {\r",
							"            pm.expect(currentResponseJson).to.have.property('rows');\r",
							"            pm.expect(currentResponseJson.rows).to.be.an('array').that.is.not.empty;\r",
							" \r",
							"            // Check each object in 'rows' array\r",
							"            currentResponseJson.rows.forEach(row => {\r",
							"                pm.expect(row).to.have.property('ThingName').that.is.a('string').and.is.not.empty;\r",
							"                // Optionally check if ThingName exists (if applicable)\r",
							"                if (row.ThingName) {\r",
							"                    pm.expect(row.ThingName).to.be.a('string').and.is.not.empty;\r",
							"                }\r",
							"            });\r",
							"        });\r",
							" \r",
							"        // Test: Check if expected DisplayNames are present in the response\r",
							"        pm.test(\"Check if expected ThingNames are in the response\", function() {\r",
							"            const currentRows = currentResponseJson.rows.map(row => row.ThingName);\r",
							" \r",
							"            expectedThingNames.forEach(ThingName => {\r",
							"                pm.expect(currentRows).to.include(ThingName, `ThingName \"${ThingName}\" should be present in the response`);\r",
							"            });\r",
							"        });\r",
							" \r",
							"        // Optional: Compare 'rows' data with stored data\r",
							"        pm.test(\"Compare 'rows' data with stored data\", function() {\r",
							"            const storedRows = storedJson.rows;\r",
							"            const currentRows = currentResponseJson.rows;\r",
							" \r",
							"            // Ensure 'rows' arrays have the same length\r",
							"            pm.expect(currentRows).to.have.lengthOf(storedRows.length);\r",
							" \r",
							"            // Check that every row in the current response matches a row in the stored response\r",
							"            currentRows.forEach(currentRow => {\r",
							"                const match = storedRows.find(storedRow => storedRow.ThingName === currentRow.ThingName);\r",
							"                pm.expect(match, `Row with ThingName \"${currentRow.ThingName}\" should be present in stored data`).to.not.be.undefined;\r",
							"                pm.expect(currentRow).to.deep.equal(match);\r",
							"            });\r",
							"        });\r",
							"    } else {\r",
							"        pm.test(\"No expected ThingNames found\", function() {\r",
							"            pm.expect.fail(\"Expected ThingNames are missing.\");\r",
							"        });\r",
							"    }\r",
							"} else {\r",
							"    pm.test(\"No stored response data found\", function() {\r",
							"        pm.expect.fail(\"Stored response data is missing.\");\r",
							"    });\r",
							"}"
						],
						"type": "text/javascript",
						"packages": {}
					}
				}
			],
			"protocolProfileBehavior": {
				"disabledSystemHeaders": {
					"accept": true
				}
			},
			"request": {
				"method": "POST",
				"header": [
					{
						"key": "Content-Type",
						"value": "application/json",
						"type": "text"
					},
					{
						"key": "Cache-Control",
						"value": "no-cache",
						"type": "text"
					},
					{
						"key": "Accept",
						"value": "application/json",
						"type": "text"
					}
				],
				"body": {
					"mode": "raw",
					"raw": "{\r\n    \"KBDivisionThingName\":\"{{GetLocalPlantsforSmartKPIVisualization_KBDivisionThingName}}\"\r\n}",
					"options": {
						"raw": {
							"language": "json"
						}
					}
				},
				"url": {
					"raw": "{{baseurl_rvs}}/Thingworx/Things/KBSmartKPIHelperThing/services/GetLocalPlantsforSmartKPIVisualization?appKey={{appkey_rvs}}",
					"host": [
						"{{baseurl_rvs}}"
					],
					"path": [
						"Thingworx",
						"Things",
						"KBSmartKPIHelperThing",
						"services",
						"GetLocalPlantsforSmartKPIVisualization"
					],
					"query": [
						{
							"key": "",
							"value": null,
							"disabled": true
						},
						{
							"key": "appKey",
							"value": "{{appkey_rvs}}"
						}
					]
				}
			},
			"response": []
		},
		{
			"name": "KBMasterMashupHelperThing-GetMenu",
			"event": [
				{
					"listen": "test",
					"script": {
						"exec": [
							"// Parse the response body as JSON\r",
							"const responseJson = pm.response.json();\r",
							" \r",
							"// Store the response data in an environment variable for later use\r",
							"pm.environment.set(\"responseData\", JSON.stringify(responseJson));\r",
							" \r",
							"// Log the data to the Postman Console for verification\r",
							"console.log(\"Stored response data:\", responseJson);\r",
							" \r",
							"// Retrieve the stored response data from the environment variable\r",
							"const storedResponseData = pm.environment.get(\"responseData\");\r",
							" \r",
							"if (storedResponseData) {\r",
							"    // Parse the stored JSON data\r",
							"    const storedJson = JSON.parse(storedResponseData);\r",
							"    // Parse the current response body\r",
							"    const currentResponseJson = pm.response.json();\r",
							"    // Retrieve the expected JobOrderUIDs from the environment variable\r",
							"    const expectedMenuIDString= pm.environment.get(\"GetMenu_expectedmenuID\");\r",
							" \r",
							"    // Check if the variable exists and split it into an array\r",
							"    if (expectedMenuIDString) {\r",
							"        const expectedmenuID = expectedMenuIDString.split(',');\r",
							" \r",
							"        // Test: Check if 'rows' exists and has correct structure\r",
							"        pm.test(\"Response contains 'rows' array\", function() {\r",
							"            pm.expect(currentResponseJson).to.have.property('rows');\r",
							"            pm.expect(currentResponseJson.rows).to.be.an('array').that.is.not.empty;\r",
							" \r",
							"            // Check each object in 'rows' array\r",
							"            currentResponseJson.rows.forEach(row => {\r",
							"                pm.expect(row).to.have.property('menuId').that.is.a('string').and.is.not.empty;\r",
							"                // Optionally check if ThingName exists (if applicable)\r",
							"                if (row.menuId) {\r",
							"                    pm.expect(row.menuId).to.be.a('string').and.is.not.empty;\r",
							"                }\r",
							"            });\r",
							"        });\r",
							" \r",
							"        // Test: Check if expected menuId are present in the response\r",
							"        pm.test(\"Check if expected menuId are in the response\", function() {\r",
							"            const currentRows = currentResponseJson.rows.map(row => row.menuId);\r",
							" \r",
							"            expectedmenuID.forEach(menuId => {\r",
							"                pm.expect(currentRows).to.include(menuId, `menuId \"${menuId}\" should be present in the response`);\r",
							"            });\r",
							"        });\r",
							" \r",
							"        // Optional: Compare 'rows' data with stored data\r",
							"        pm.test(\"Compare 'rows' data with stored data\", function() {\r",
							"            const storedRows = storedJson.rows;\r",
							"            const currentRows = currentResponseJson.rows;\r",
							" \r",
							"            // Ensure 'rows' arrays have the same length\r",
							"            pm.expect(currentRows).to.have.lengthOf(storedRows.length);\r",
							" \r",
							"            // Check that every row in the current response matches a row in the stored response\r",
							"            currentRows.forEach(currentRow => {\r",
							"                const match = storedRows.find(storedRow => storedRow.menuId === currentRow.menuId);\r",
							"                pm.expect(match, `Row with menuId \"${currentRow.menuId}\" should be present in stored data`).to.not.be.undefined;\r",
							"                pm.expect(currentRow).to.deep.equal(match);\r",
							"            });\r",
							"        });\r",
							"    } else {\r",
							"        pm.test(\"No expected menuId found\", function() {\r",
							"            pm.expect.fail(\"Expected menuId are missing.\");\r",
							"        });\r",
							"    }\r",
							"} else {\r",
							"    pm.test(\"No stored response data found\", function() {\r",
							"        pm.expect.fail(\"Stored response data is missing.\");\r",
							"    });\r",
							"}"
						],
						"type": "text/javascript",
						"packages": {}
					}
				}
			],
			"protocolProfileBehavior": {
				"disabledSystemHeaders": {
					"accept": true
				}
			},
			"request": {
				"method": "POST",
				"header": [
					{
						"key": "Content-Type",
						"value": "application/json",
						"type": "text"
					},
					{
						"key": "Cache-Control",
						"value": "no-cache",
						"type": "text"
					},
					{
						"key": "Accept",
						"value": "application/json",
						"type": "text"
					}
				],
				"body": {
					"mode": "raw",
					"raw": "{\r\n    \"userName\":\"{{GetMenu_userName}}\"\r\n}",
					"options": {
						"raw": {
							"language": "json"
						}
					}
				},
				"url": {
					"raw": "{{baseurl_rvs}}/Thingworx/Things/KBMasterMashupHelperThing/services/GetMenu?appKey={{appkey_rvs}}",
					"host": [
						"{{baseurl_rvs}}"
					],
					"path": [
						"Thingworx",
						"Things",
						"KBMasterMashupHelperThing",
						"services",
						"GetMenu"
					],
					"query": [
						{
							"key": "",
							"value": null,
							"disabled": true
						},
						{
							"key": "appKey",
							"value": "{{appkey_rvs}}"
						}
					]
				}
			},
			"response": []
		},
		{
			"name": "KBManualLabelPrintHelperThing_getSerialNumber",
			"event": [
				{
					"listen": "test",
					"script": {
						"exec": [
							"// Parse the response body as JSON\r",
							"const responseJson = pm.response.json();\r",
							" \r",
							"// Store the response data in an environment variable for later use\r",
							"pm.environment.set(\"responseData\", JSON.stringify(responseJson));\r",
							" \r",
							"// Log the data to the Postman Console for verification\r",
							"console.log(\"Stored response data:\", responseJson);\r",
							" \r",
							"// Retrieve the stored response data from the environment variable\r",
							"const storedResponseData = pm.environment.get(\"responseData\");\r",
							" \r",
							"if (storedResponseData) {\r",
							"    // Parse the stored JSON data\r",
							"    const storedJson = JSON.parse(storedResponseData);\r",
							"    // Parse the current response body\r",
							"    const currentResponseJson = pm.response.json();\r",
							"    // Retrieve the expected JobOrderUIDs from the environment variable\r",
							"    const expectedSerialNumberString= pm.environment.get(\"getSerialNumber_expectedSerialNumber\");\r",
							" \r",
							"    // Check if the variable exists and split it into an array\r",
							"    if (expectedSerialNumberString) {\r",
							"        const expectedSerialNumber = expectedSerialNumberString.split(',');\r",
							" \r",
							"        // Test: Check if 'rows' exists and has correct structure\r",
							"        pm.test(\"Response contains 'rows' array\", function() {\r",
							"            pm.expect(currentResponseJson).to.have.property('rows');\r",
							"            pm.expect(currentResponseJson.rows).to.be.an('array').that.is.not.empty;\r",
							" \r",
							"            // Check each object in 'rows' array\r",
							"            currentResponseJson.rows.forEach(row => {\r",
							"                pm.expect(row).to.have.property('SerialNumber').that.is.a('string').and.is.not.empty;\r",
							"                // Optionally check if ThingName exists (if applicable)\r",
							"                if (row.menuId) {\r",
							"                    pm.expect(row.SerialNumber).to.be.a('number').and.is.not.empty;\r",
							"                }\r",
							"            });\r",
							"        });\r",
							" \r",
							"        // Test: Check if expected menuId are present in the response\r",
							"        pm.test(\"Check if expected SerialNumber are in the response\", function() {\r",
							"            const currentRows = currentResponseJson.rows.map(row => row.SerialNumber);\r",
							" \r",
							"            expectedSerialNumber.forEach(SerialNumber => {\r",
							"                pm.expect(currentRows).to.include(SerialNumber, `SerialNumber \"${SerialNumber}\" should be present in the response`);\r",
							"            });\r",
							"        });\r",
							" \r",
							"        // Optional: Compare 'rows' data with stored data\r",
							"        pm.test(\"Compare 'rows' data with stored data\", function() {\r",
							"            const storedRows = storedJson.rows;\r",
							"            const currentRows = currentResponseJson.rows;\r",
							" \r",
							"            // Ensure 'rows' arrays have the same length\r",
							"            pm.expect(currentRows).to.have.lengthOf(storedRows.length);\r",
							" \r",
							"            // Check that every row in the current response matches a row in the stored response\r",
							"            currentRows.forEach(currentRow => {\r",
							"                const match = storedRows.find(storedRow => storedRow.SerialNumber === currentRow.SerialNumber);\r",
							"                pm.expect(match, `Row with menuId \"${currentRow.SerialNumber}\" should be present in stored data`).to.not.be.undefined;\r",
							"                pm.expect(currentRow).to.deep.equal(match);\r",
							"            });\r",
							"        });\r",
							"    } else {\r",
							"        pm.test(\"No expected SerialNumber found\", function() {\r",
							"            pm.expect.fail(\"Expected SerialNumber are missing.\");\r",
							"        });\r",
							"    }\r",
							"} else {\r",
							"    pm.test(\"No stored response data found\", function() {\r",
							"        pm.expect.fail(\"Stored response data is missing.\");\r",
							"    });\r",
							"}"
						],
						"type": "text/javascript",
						"packages": {}
					}
				}
			],
			"protocolProfileBehavior": {
				"disabledSystemHeaders": {
					"accept": true
				}
			},
			"request": {
				"method": "POST",
				"header": [
					{
						"key": "Content-Type",
						"value": "application/json",
						"type": "text"
					},
					{
						"key": "Cache-Control",
						"value": "no-cache",
						"type": "text"
					},
					{
						"key": "Accept",
						"value": "application/json",
						"type": "text"
					}
				],
				"body": {
					"mode": "raw",
					"raw": "{\r\n    \"OrderNumber\":\"{{getSerialNumber_OrderNumber}}\"\r\n}",
					"options": {
						"raw": {
							"language": "json"
						}
					}
				},
				"url": {
					"raw": "{{baseurl_rvs}}/Thingworx/Things/KBManualLabelPrintHelperThing/services/getSerialNumber?appKey={{appkey_rvs}}",
					"host": [
						"{{baseurl_rvs}}"
					],
					"path": [
						"Thingworx",
						"Things",
						"KBManualLabelPrintHelperThing",
						"services",
						"getSerialNumber"
					],
					"query": [
						{
							"key": "",
							"value": null,
							"disabled": true
						},
						{
							"key": "appKey",
							"value": "{{appkey_rvs}}"
						}
					]
				}
			},
			"response": []
		},
		{
			"name": "KBManualLabelPrintHelperThing_GetLabelPrintStatus",
			"event": [
				{
					"listen": "test",
					"script": {
						"exec": [
							"// Parse the response body as JSON \r",
							"const responseJson = pm.response.json();\r",
							"\r",
							"// Store the response data in an environment variable for later use\r",
							"pm.environment.set(\"responseData\", JSON.stringify(responseJson));\r",
							"\r",
							"// Log the data to the Postman Console for verification\r",
							"console.log(\"Stored response data:\", responseJson);\r",
							"\r",
							"// Retrieve the stored response data from the environment variable\r",
							"const storedResponseData = pm.environment.get(\"responseData\");\r",
							"\r",
							"if (storedResponseData) {\r",
							"    // Parse the stored JSON data\r",
							"    const storedJson = JSON.parse(storedResponseData);\r",
							"    // Parse the current response body\r",
							"    const currentResponseJson = pm.response.json();\r",
							"    \r",
							"    // Retrieve the expected localization tokens from the environment variable\r",
							"    const expectedStationResultString = pm.environment.get(\"GetLabelPrintStatus_expectedStationResult\");\r",
							"\r",
							"    // Check if the variable exists and split it into an array\r",
							"    if (expectedStationResultString) {\r",
							"        const expectedStationResult = expectedStationResultString.split(',').map(result => result.trim());\r",
							"\r",
							"        // Test: Check if 'rows' exists and has the correct structure\r",
							"        pm.test(\"Response contains 'rows' array\", function() {\r",
							"            pm.expect(currentResponseJson).to.have.property('rows');\r",
							"            pm.expect(currentResponseJson.rows).to.be.an('array').that.is.not.empty;\r",
							"\r",
							"            // Check each token in 'localizationTokens' array\r",
							"            currentResponseJson.rows.forEach(row => {\r",
							"                pm.expect(row).to.have.property('result');\r",
							"            });\r",
							"        });\r",
							"\r",
							"        // Test: Check if expected localization tokens are present in the response\r",
							"        pm.test(\"Check if expected result tokens are in the response\", function() {\r",
							"            const currentResult = currentResponseJson.rows.map(row => row.result);\r",
							"\r",
							"            // Loop through expected results and ensure they're in the current response\r",
							"            expectedStationResult.forEach(result => {\r",
							"                // Handle boolean 'false' as string 'false'\r",
							"                if (result === 'false') {\r",
							"                    // Compare the string 'false' to boolean false\r",
							"                    pm.expect(currentResult).to.include(false, `result \"false\" should be present in the response`);\r",
							"                } else if (result === 'true') {\r",
							"                    // Compare the string 'true' to boolean true\r",
							"                    pm.expect(currentResult).to.include(true, `result \"true\" should be present in the response`);\r",
							"                } else {\r",
							"                    // Compare the expected value as is\r",
							"                    pm.expect(currentResult).to.include(result, `result \"${result}\" should be present in the response`);\r",
							"                }\r",
							"            });\r",
							"        });\r",
							"    }\r",
							"}\r",
							""
						],
						"type": "text/javascript",
						"packages": {}
					}
				}
			],
			"protocolProfileBehavior": {
				"disabledSystemHeaders": {
					"accept": true
				}
			},
			"request": {
				"method": "POST",
				"header": [
					{
						"key": "Content-Type",
						"value": "application/json",
						"type": "text"
					},
					{
						"key": "Cache-Control",
						"value": "no-cache",
						"type": "text"
					},
					{
						"key": "Accept",
						"value": "application/json",
						"type": "text"
					}
				],
				"body": {
					"mode": "raw",
					"raw": "{\r\n    \"StationName\":\"{{GetLabelPrintStatus_StationName}}\"\r\n}",
					"options": {
						"raw": {
							"language": "json"
						}
					}
				},
				"url": {
					"raw": "{{baseurl_rvs}}/Thingworx/Things/KBManualLabelPrintHelperThing/services/GetLabelPrintStatus?appKey={{appkey_rvs}}",
					"host": [
						"{{baseurl_rvs}}"
					],
					"path": [
						"Thingworx",
						"Things",
						"KBManualLabelPrintHelperThing",
						"services",
						"GetLabelPrintStatus"
					],
					"query": [
						{
							"key": "appKey",
							"value": "{{appkey_rvs}}"
						}
					]
				}
			},
			"response": []
		},
		{
			"name": "KBGlobalsmartKPIOperatorScreenKPIThingWorxDatabaseThing-GetActualPartsWithRQ",
			"event": [
				{
					"listen": "test",
					"script": {
						"exec": [
							"// Parse the response body as JSON\r",
							"const responseJson = pm.response.json();\r",
							" \r",
							"// Store the response data in an environment variable for later use\r",
							"pm.environment.set(\"responseData\", JSON.stringify(responseJson));\r",
							" \r",
							"// Log the data to the Postman Console for verification\r",
							"console.log(\"Stored response data:\", responseJson);\r",
							" \r",
							"// Retrieve the stored response data from the environment variable\r",
							"const storedResponseData = pm.environment.get(\"responseData\");\r",
							" \r",
							"if (storedResponseData) {\r",
							"    // Parse the stored JSON data\r",
							"    const storedJson = JSON.parse(storedResponseData);\r",
							"    // Parse the current response body\r",
							"    const currentResponseJson = pm.response.json();\r",
							"    // Retrieve the expected JobOrderUIDs from the environment variable\r",
							"    const expectedLabelString= pm.environment.get(\"GetActualPartsWithRQ_expectedLabel\");\r",
							" \r",
							"    // Check if the variable exists and split it into an array\r",
							"    if (expectedLabelString) {\r",
							"        const expectedLabel = expectedLabelString.split(',');\r",
							" \r",
							"        // Test: Check if 'rows' exists and has correct structure\r",
							"        pm.test(\"Response contains 'rows' array\", function() {\r",
							"            pm.expect(currentResponseJson).to.have.property('rows');\r",
							"            pm.expect(currentResponseJson.rows).to.be.an('array').that.is.not.empty;\r",
							" \r",
							"            // Check each object in 'rows' array\r",
							"            currentResponseJson.rows.forEach(row => {\r",
							"                pm.expect(row).to.have.property('Label').that.is.a('string').and.is.not.empty;\r",
							"                // Optionally check if ThingName exists (if applicable)\r",
							"                if (row.ThingName) {\r",
							"                    pm.expect(row.ThingName).to.be.a('string').and.is.not.empty;\r",
							"                }\r",
							"            });\r",
							"        });\r",
							" \r",
							"        // Test: Check if expected Label are present in the response\r",
							"        pm.test(\"Check if expected Label are in the response\", function() {\r",
							"            const currentRows = currentResponseJson.rows.map(row => row.Label);\r",
							" \r",
							"            expectedLabel.forEach(label => {\r",
							"                pm.expect(currentRows).to.include(label, `Label \"${label}\" should be present in the response`);\r",
							"            });\r",
							"        });\r",
							" \r",
							"        // Optional: Compare 'rows' data with stored data\r",
							"        pm.test(\"Compare 'rows' data with stored data\", function() {\r",
							"            const storedRows = storedJson.rows;\r",
							"            const currentRows = currentResponseJson.rows;\r",
							" \r",
							"            // Ensure 'rows' arrays have the same length\r",
							"            pm.expect(currentRows).to.have.lengthOf(storedRows.length);\r",
							" \r",
							"            // Check that every row in the current response matches a row in the stored response\r",
							"            currentRows.forEach(currentRow => {\r",
							"                const match = storedRows.find(storedRow => storedRow.Label === currentRow.Label);\r",
							"                pm.expect(match, `Row with Label \"${currentRow.Label}\" should be present in stored data`).to.not.be.undefined;\r",
							"                pm.expect(currentRow).to.deep.equal(match);\r",
							"            });\r",
							"        });\r",
							"    } else {\r",
							"        pm.test(\"No expected Label found\", function() {\r",
							"            pm.expect.fail(\"Expected Label are missing.\");\r",
							"        });\r",
							"    }\r",
							"} else {\r",
							"    pm.test(\"No stored response data found\", function() {\r",
							"        pm.expect.fail(\"Stored response data is missing.\");\r",
							"    });\r",
							"}"
						],
						"type": "text/javascript",
						"packages": {}
					}
				}
			],
			"protocolProfileBehavior": {
				"disabledSystemHeaders": {}
			},
			"request": {
				"method": "POST",
				"header": [
					{
						"key": "Cache-Control",
						"value": "no-cache",
						"type": "text"
					},
					{
						"key": "Accept",
						"value": "application/json",
						"type": "text"
					}
				],
				"body": {
					"mode": "raw",
					"raw": "{\r\n    \"DateStart\":\"{{GetActualPartsWithRQ_DateStart}}\",\r\n    \"DateEnd\":\"{{GetActualPartsWithRQ_DateEnd}}\",\r\n    \"Machine\":\"{{GetActualPartsWithRQ_Machine}}\"\r\n}",
					"options": {
						"raw": {
							"language": "json"
						}
					}
				},
				"url": {
					"raw": "{{baseurl_rvs}}/Thingworx/Things/KBGlobalsmartKPIOperatorScreenKPIThingWorxDatabaseThing/Services/GetActualPartsWithRQ?appKey={{appkey_rvs}}",
					"host": [
						"{{baseurl_rvs}}"
					],
					"path": [
						"Thingworx",
						"Things",
						"KBGlobalsmartKPIOperatorScreenKPIThingWorxDatabaseThing",
						"Services",
						"GetActualPartsWithRQ"
					],
					"query": [
						{
							"key": "appKey",
							"value": "{{appkey_rvs}}"
						}
					]
				}
			},
			"response": []
		},
		{
			"name": "KBManualLabelPrintHelperThing_findThingsWith",
			"event": [
				{
					"listen": "test",
					"script": {
						"exec": [
							"// Parse the response body as JSON\r",
							"const responseJson = pm.response.json();\r",
							" \r",
							"// Store the response data in an environment variable for later use\r",
							"pm.environment.set(\"responseData\", JSON.stringify(responseJson));\r",
							" \r",
							"// Log the data to the Postman Console for verification\r",
							"console.log(\"Stored response data:\", responseJson);\r",
							" \r",
							"// Retrieve the stored response data from the environment variable\r",
							"const storedResponseData = pm.environment.get(\"responseData\");\r",
							" \r",
							"if (storedResponseData) {\r",
							"    // Parse the stored JSON data\r",
							"    const storedJson = JSON.parse(storedResponseData);\r",
							"    // Parse the current response body\r",
							"    const currentResponseJson = pm.response.json();\r",
							"    // Retrieve the expected JobOrderUIDs from the environment variable\r",
							"    const expectedDisplayNamesString= pm.environment.get(\"findThingsWith_expectedDisplayName\");\r",
							" \r",
							"    // Check if the variable exists and split it into an array\r",
							"    if (expectedDisplayNamesString) {\r",
							"        const expectedDisplayNames = expectedDisplayNamesString.split(',');\r",
							" \r",
							"        // Test: Check if 'rows' exists and has correct structure\r",
							"        pm.test(\"Response contains 'rows' array\", function() {\r",
							"            pm.expect(currentResponseJson).to.have.property('rows');\r",
							"            pm.expect(currentResponseJson.rows).to.be.an('array').that.is.not.empty;\r",
							" \r",
							"            // Check each object in 'rows' array\r",
							"            currentResponseJson.rows.forEach(row => {\r",
							"                pm.expect(row).to.have.property('DisplayName').that.is.a('string').and.is.not.empty;\r",
							"                // Optionally check if ThingName exists (if applicable)\r",
							"                if (row.ThingName) {\r",
							"                    pm.expect(row.ThingName).to.be.a('string').and.is.not.empty;\r",
							"                }\r",
							"            });\r",
							"        });\r",
							" \r",
							"        // Test: Check if expected DisplayNames are present in the response\r",
							"        pm.test(\"Check if expected DisplayNames are in the response\", function() {\r",
							"            const currentRows = currentResponseJson.rows.map(row => row.DisplayName);\r",
							" \r",
							"            expectedDisplayNames.forEach(displayName => {\r",
							"                pm.expect(currentRows).to.include(displayName, `DisplayName \"${displayName}\" should be present in the response`);\r",
							"            });\r",
							"        });\r",
							" \r",
							"        // Optional: Compare 'rows' data with stored data\r",
							"        pm.test(\"Compare 'rows' data with stored data\", function() {\r",
							"            const storedRows = storedJson.rows;\r",
							"            const currentRows = currentResponseJson.rows;\r",
							" \r",
							"            // Ensure 'rows' arrays have the same length\r",
							"            pm.expect(currentRows).to.have.lengthOf(storedRows.length);\r",
							" \r",
							"            // Check that every row in the current response matches a row in the stored response\r",
							"            currentRows.forEach(currentRow => {\r",
							"                const match = storedRows.find(storedRow => storedRow.DisplayName === currentRow.DisplayName);\r",
							"                pm.expect(match, `Row with DisplayName \"${currentRow.DisplayName}\" should be present in stored data`).to.not.be.undefined;\r",
							"                pm.expect(currentRow).to.deep.equal(match);\r",
							"            });\r",
							"        });\r",
							"    } else {\r",
							"        pm.test(\"No expected DisplayNames found\", function() {\r",
							"            pm.expect.fail(\"Expected DisplayNames are missing.\");\r",
							"        });\r",
							"    }\r",
							"} else {\r",
							"    pm.test(\"No stored response data found\", function() {\r",
							"        pm.expect.fail(\"Stored response data is missing.\");\r",
							"    });\r",
							"}"
						],
						"type": "text/javascript",
						"packages": {}
					}
				}
			],
			"request": {
				"method": "POST",
				"header": [
					{
						"key": "Accept",
						"value": "application/json",
						"type": "text"
					},
					{
						"key": "Content-Type",
						"value": "application/json",
						"type": "text"
					},
					{
						"key": "Cache-Control",
						"value": "no-cache",
						"type": "text"
					}
				],
				"body": {
					"mode": "raw",
					"raw": "{\r\n    \"OrderNo\":\"{{findThingsWith_OrderNo}}\"\r\n}",
					"options": {
						"raw": {
							"language": "json"
						}
					}
				},
				"url": {
					"raw": "{{baseurl_rvs}}/Thingworx/Things/KBManualLabelPrintHelperThing/Services/findThingsWith?appKey={{appkey_rvs}}",
					"host": [
						"{{baseurl_rvs}}"
					],
					"path": [
						"Thingworx",
						"Things",
						"KBManualLabelPrintHelperThing",
						"Services",
						"findThingsWith"
					],
					"query": [
						{
							"key": "appKey",
							"value": "{{appkey_rvs}}"
						}
					]
				}
			},
			"response": []
		},
		{
			"name": "KBKPILocalThingWorxDatabaseThing_GetRailLocalKpisForMenue",
			"event": [
				{
					"listen": "test",
					"script": {
						"exec": [
							"// Parse the response body as JSON\r",
							"const responseJson = pm.response.json();\r",
							"\r",
							"// Store the response data in an environment variable for later use\r",
							"pm.environment.set(\"responseData\", JSON.stringify(responseJson));\r",
							"\r",
							"// Log the data to the Postman Console for verification\r",
							"console.log(\"Stored response data:\", responseJson);\r",
							"\r",
							"// Retrieve the stored response data from the environment variable\r",
							"const storedResponseData = pm.environment.get(\"responseData\");\r",
							"\r",
							"if (storedResponseData) {\r",
							"    // Parse the stored JSON data\r",
							"    const storedJson = JSON.parse(storedResponseData);\r",
							"    // Parse the current response body\r",
							"    const currentResponseJson = pm.response.json();\r",
							"    // Retrieve the expected JobOrderUIDs from the environment variable\r",
							"    const expectedDisplayNamesString = pm.environment.get(\"GetRailLocalKpisForMenue_expectedDisplayName\");\r",
							"\r",
							"    // Check if the variable exists and split it into an array\r",
							"    if (expectedDisplayNamesString) {\r",
							"        const expectedDisplayNames = expectedDisplayNamesString.split(',');\r",
							"\r",
							"        // Test: Check if 'rows' exists and has correct structure\r",
							"        pm.test(\"Response contains 'rows' array\", function() {\r",
							"            pm.expect(currentResponseJson).to.have.property('rows');\r",
							"            pm.expect(currentResponseJson.rows).to.be.an('array').that.is.not.empty;\r",
							"\r",
							"            // Check each object in 'rows' array\r",
							"            currentResponseJson.rows.forEach(row => {\r",
							"                pm.expect(row).to.have.property('DisplayName').that.is.a('string').and.is.not.empty;\r",
							"                // Optionally check if ThingName exists (if applicable)\r",
							"                if (row.ThingName) {\r",
							"                    pm.expect(row.ThingName).to.be.a('string').and.is.not.empty;\r",
							"                }\r",
							"            });\r",
							"        });\r",
							"\r",
							"        // Test: Check if expected DisplayNames are in the response\r",
							"        pm.test(\"Check if expected DisplayNames are in the response\", function() {\r",
							"            const currentRows = currentResponseJson.rows.map(row => row.DisplayName.toLowerCase());\r",
							"            console.log(\"Available DisplayNames in response:\", currentRows);\r",
							"\r",
							"            expectedDisplayNames.forEach(displayName => {\r",
							"                pm.expect(currentRows).to.include(displayName.toLowerCase(), `DisplayName \"${displayName}\" should be present in the response`);\r",
							"            });\r",
							"        });\r",
							"\r",
							"        // Optional: Compare 'rows' data with stored data\r",
							"        pm.test(\"Compare 'rows' data with stored data\", function() {\r",
							"            const storedRows = storedJson.rows;\r",
							"            const currentRows = currentResponseJson.rows;\r",
							"\r",
							"            // Ensure 'rows' arrays have the same length\r",
							"            pm.expect(currentRows).to.have.lengthOf(storedRows.length);\r",
							"\r",
							"            // Check that every row in the current response matches a row in the stored response\r",
							"            currentRows.forEach(currentRow => {\r",
							"                const match = storedRows.find(storedRow => storedRow.DisplayName === currentRow.DisplayName);\r",
							"                pm.expect(match, `Row with DisplayName \"${currentRow.DisplayName}\" should be present in stored data`).to.not.be.undefined;\r",
							"                pm.expect(currentRow).to.deep.equal(match);\r",
							"            });\r",
							"        });\r",
							"    } else {\r",
							"        pm.test(\"No expected DisplayNames found\", function() {\r",
							"            pm.expect.fail(\"Expected DisplayNames are missing.\");\r",
							"        });\r",
							"    }\r",
							"} else {\r",
							"    pm.test(\"No stored response data found\", function() {\r",
							"        pm.expect.fail(\"Stored response data is missing.\");\r",
							"    });\r",
							"}\r",
							""
						],
						"type": "text/javascript",
						"packages": {}
					}
				}
			],
			"request": {
				"method": "POST",
				"header": [
					{
						"key": "Accept",
						"value": "application/json",
						"type": "text"
					},
					{
						"key": "Content-Type",
						"value": "application/json",
						"type": "text"
					},
					{
						"key": "Cache-Control",
						"value": "no-cache",
						"type": "text"
					}
				],
				"url": {
					"raw": "{{baseurl_rvs}}/Thingworx/Things/KBKPILocalThingWorxDatabaseThing/Services/GetRailLocalKpisForMenue?appKey={{appkey_rvs}}",
					"host": [
						"{{baseurl_rvs}}"
					],
					"path": [
						"Thingworx",
						"Things",
						"KBKPILocalThingWorxDatabaseThing",
						"Services",
						"GetRailLocalKpisForMenue"
					],
					"query": [
						{
							"key": "appKey",
							"value": "{{appkey_rvs}}"
						}
					]
				}
			},
			"response": []
		},
		{
			"name": "KBPrinterSetupThing_GetStationsPropertiesFromDropdown",
			"event": [
				{
					"listen": "test",
					"script": {
						"exec": [
							"// Parse the response body as JSON\r",
							"const responseJson = pm.response.json();\r",
							"\r",
							"// Log the entire response to the Postman console for debugging\r",
							"console.log(\"Full response:\", responseJson);\r",
							"\r",
							"// Store the response data in an environment variable for later use\r",
							"pm.environment.set(\"responseData\", JSON.stringify(responseJson));\r",
							"\r",
							"// Retrieve the stored response data from the environment variable\r",
							"const storedResponseData = pm.environment.get(\"responseData\");\r",
							"\r",
							"if (storedResponseData) {\r",
							"    // Parse the stored JSON data\r",
							"    const storedJson = JSON.parse(storedResponseData);\r",
							"    // Parse the current response body\r",
							"    const currentResponseJson = pm.response.json();\r",
							"\r",
							"    // Retrieve the expected Station names from the environment variable\r",
							"    const expectedStationNamesString = pm.environment.get(\"GetStationsPropertiesFromDropdown_StationName\");\r",
							"\r",
							"    // Check if the environment variable exists and split it into an array\r",
							"    if (expectedStationNamesString) {\r",
							"        const expectedStationNames = expectedStationNamesString.split(',');\r",
							"\r",
							"        // Test: Check if 'rows' exists and has correct structure\r",
							"        pm.test(\"Response contains 'rows' array\", function() {\r",
							"            pm.expect(currentResponseJson).to.have.property('rows');\r",
							"            pm.expect(currentResponseJson.rows).to.be.an('array');\r",
							"            \r",
							"            // If rows is empty, log a specific error message and don't fail the test\r",
							"            if (currentResponseJson.rows.length === 0) {\r",
							"                console.log(\"Warning: 'rows' array is empty in the response.\");\r",
							"                // Optionally: skip further tests related to 'rows' if empty\r",
							"                return;\r",
							"            }\r",
							"\r",
							"            pm.expect(currentResponseJson.rows).to.not.be.empty;\r",
							"        });\r",
							"\r",
							"        // Test: Check if expected Station names are in the response\r",
							"        pm.test(\"Check if expected Station names are in the response\", function() {\r",
							"            // If the 'rows' array is empty, skip this check\r",
							"            if (currentResponseJson.rows.length === 0) {\r",
							"                console.log(\"Skipping Station Name check as 'rows' is empty.\");\r",
							"                return;\r",
							"            }\r",
							"            \r",
							"            const currentRows = currentResponseJson.rows.map(row => row.StationName);\r",
							"\r",
							"            expectedStationNames.forEach(stationName => {\r",
							"                pm.expect(currentRows).to.include(stationName, `StationName \"${stationName}\" should be present in the response`);\r",
							"            });\r",
							"        });\r",
							"\r",
							"        // Optional: Compare 'rows' data with stored data\r",
							"        pm.test(\"Compare 'rows' data with stored data\", function() {\r",
							"            const storedRows = storedJson.rows;\r",
							"            const currentRows = currentResponseJson.rows;\r",
							"\r",
							"            // Ensure 'rows' arrays have the same length\r",
							"            pm.expect(currentRows).to.have.lengthOf(storedRows.length);\r",
							"\r",
							"            // Check that every row in the current response matches a row in the stored response\r",
							"            currentRows.forEach(currentRow => {\r",
							"                const match = storedRows.find(storedRow => storedRow.StationName === currentRow.StationName);\r",
							"                pm.expect(match, `Row with StationName \"${currentRow.StationName}\" should be present in stored data`).to.not.be.undefined;\r",
							"                pm.expect(currentRow).to.deep.equal(match);\r",
							"            });\r",
							"        });\r",
							"    } else {\r",
							"        pm.test(\"No expected StationName found\", function() {\r",
							"            pm.expect.fail(\"Expected StationName are missing.\");\r",
							"        });\r",
							"    }\r",
							"} else {\r",
							"    pm.test(\"No stored response data found\", function() {\r",
							"        pm.expect.fail(\"Stored response data is missing.\");\r",
							"    });\r",
							"}\r",
							""
						],
						"type": "text/javascript",
						"packages": {}
					}
				}
			],
			"request": {
				"method": "POST",
				"header": [
					{
						"key": "Accept",
						"value": "application/json",
						"type": "text"
					},
					{
						"key": "Content-Type",
						"value": "application/json",
						"type": "text"
					},
					{
						"key": "Cache-Control",
						"value": "no-cache",
						"type": "text"
					}
				],
				"body": {
					"mode": "raw",
					"raw": "{\r\n    \"StationName\":\"{{GetStationsPropertiesFromDropdown_StationName}}\",\r\n    \"Printer\":\"{{GetStationsPropertiesFromDropdown_Printer}}\" \r\n}",
					"options": {
						"raw": {
							"language": "json"
						}
					}
				},
				"url": {
					"raw": "{{baseurl_rvs}}/Thingworx/Things/KBPrinterSetupThing/Services/GetStationsPropertiesFromDropdown?appKey={{appkey_rvs}}",
					"host": [
						"{{baseurl_rvs}}"
					],
					"path": [
						"Thingworx",
						"Things",
						"KBPrinterSetupThing",
						"Services",
						"GetStationsPropertiesFromDropdown"
					],
					"query": [
						{
							"key": "appKey",
							"value": "{{appkey_rvs}}"
						}
					]
				}
			},
			"response": []
		},
		{
			"name": "KBSmartKPIHelperThing_GetRailGlobalKpiCalculationBaseForMenue",
			"event": [
				{
					"listen": "test",
					"script": {
						"exec": [
							"// Parse the response body as JSON\r",
							"const responseJson = pm.response.json();\r",
							"\r",
							"// Log the entire response to the Postman console for debugging\r",
							"console.log(\"Full response:\", responseJson);\r",
							"\r",
							"// Store the response data in an environment variable for later use\r",
							"pm.environment.set(\"responseData\", JSON.stringify(responseJson));\r",
							"\r",
							"// Retrieve the stored response data from the environment variable\r",
							"const storedResponseData = pm.environment.get(\"responseData\");\r",
							"\r",
							"if (storedResponseData) {\r",
							"    // Parse the stored JSON data\r",
							"    const storedJson = JSON.parse(storedResponseData);\r",
							"    // Parse the current response body\r",
							"    const currentResponseJson = pm.response.json();\r",
							"\r",
							"    // Retrieve the expected DisplayNames from the environment variable\r",
							"    const expectedDisplayNamesString = pm.environment.get(\"GetRailGlobalKpiCalculationBaseForMenue_expectedDisplayname\");\r",
							"    \r",
							"\r",
							"    // Check if the environment variable exists and split it into an array\r",
							"    if (expectedDisplayNamesString) {\r",
							"        const expectedDisplayNames = expectedDisplayNamesString.split(',');\r",
							"\r",
							"        // Test: Check if 'rows' exists and has correct structure\r",
							"        pm.test(\"Response contains 'rows' array\", function() {\r",
							"            pm.expect(currentResponseJson).to.have.property('rows');\r",
							"            pm.expect(currentResponseJson.rows).to.be.an('array');\r",
							"            \r",
							"            // If rows is empty, log a specific error message and don't fail the test\r",
							"            if (currentResponseJson.rows.length === 0) {\r",
							"                console.log(\"Warning: 'rows' array is empty in the response.\");\r",
							"                return;\r",
							"            }\r",
							"\r",
							"            pm.expect(currentResponseJson.rows).to.not.be.empty;\r",
							"        });\r",
							"\r",
							"        // Test: Check if expected DisplayNames are in the response\r",
							"        pm.test(\"Check if expected DisplayNames are in the response\", function() {\r",
							"            // If the 'rows' array is empty, skip this check\r",
							"            if (currentResponseJson.rows.length === 0) {\r",
							"                console.log(\"Skipping DisplayName check as 'rows' is empty.\");\r",
							"                return;\r",
							"            }\r",
							"            \r",
							"            const currentRows = currentResponseJson.rows.map(row => row.DisplayName);\r",
							"\r",
							"            expectedDisplayNames.forEach(displayName => {\r",
							"                pm.expect(currentRows).to.include(displayName, `DisplayName \"${displayName}\" should be present in the response`);\r",
							"            });\r",
							"        });\r",
							"\r",
							"        // Optional: Compare 'rows' data with stored data\r",
							"        pm.test(\"Compare 'rows' data with stored data\", function() {\r",
							"            const storedRows = storedJson.rows;\r",
							"            const currentRows = currentResponseJson.rows;\r",
							"\r",
							"            // Ensure 'rows' arrays have the same length\r",
							"            pm.expect(currentRows).to.have.lengthOf(storedRows.length);\r",
							"\r",
							"            // Check that every row in the current response matches a row in the stored response\r",
							"            currentRows.forEach(currentRow => {\r",
							"                const match = storedRows.find(storedRow => storedRow.DisplayName === currentRow.DisplayName);\r",
							"                pm.expect(match, `Row with DisplayName \"${currentRow.DisplayName}\" should be present in stored data`).to.not.be.undefined;\r",
							"                pm.expect(currentRow).to.deep.equal(match);\r",
							"            });\r",
							"        });\r",
							"    } else {\r",
							"        pm.test(\"No expected DisplayNames found\", function() {\r",
							"            pm.expect.fail(\"Expected DisplayNames are missing.\");\r",
							"        });\r",
							"    }\r",
							"} else {\r",
							"    pm.test(\"No stored response data found\", function() {\r",
							"        pm.expect.fail(\"Stored response data is missing.\");\r",
							"    });\r",
							"}\r",
							""
						],
						"type": "text/javascript",
						"packages": {}
					}
				}
			],
			"request": {
				"method": "POST",
				"header": [
					{
						"key": "Accept",
						"value": "application/json",
						"type": "text"
					},
					{
						"key": "Content-Type",
						"value": "application/json",
						"type": "text"
					},
					{
						"key": "Cache-Control",
						"value": "no-cache",
						"type": "text"
					}
				],
				"url": {
					"raw": "{{baseurl_rvs}}/Thingworx/Things/KBSmartKPIHelperThing/Services/GetRailGlobalKpiCalculationBaseForMenue?appKey={{appkey_rvs}}",
					"host": [
						"{{baseurl_rvs}}"
					],
					"path": [
						"Thingworx",
						"Things",
						"KBSmartKPIHelperThing",
						"Services",
						"GetRailGlobalKpiCalculationBaseForMenue"
					],
					"query": [
						{
							"key": "appKey",
							"value": "{{appkey_rvs}}"
						}
					]
				}
			},
			"response": []
		}
	]
}