{
	"id": "8e17c8cc-4788-4bc1-96e0-6faf2d411822",
	"name": "CVS-Environment",
	"values": [
		{
			"key": "appKey",
			"value": "a59beff9-da8f-4700-ab43-240c97e0ac1a",
			"type": "default",
			"enabled": true
		},
		{
			"key": "baseurl_cvs",
			"value": "https://smartproductioncvstest.corp.knorr-bremse.com",
			"type": "default",
			"enabled": true
		},
		{
			"key": "GetPlantList_KBDivisionThing",
			"value": "KBTruckDivisionThing",
			"type": "default",
			"enabled": true
		},
		{
			"key": "expectedPlantThings",
			"value": "KBCVSTESTPLANT4KPICALCULATOR1PlantThing, KBCVSTESTPLANT4KPICALCULATOR2PlantThing, KBCVSTESTPLANT4KPICALCULATOR3PlantThing, KBALDTruckPlantThing",
			"type": "default",
			"enabled": true
		},
		{
			"key": "expectedDisplayNames",
			"value": "Culminated Number of Parts,Output per Hour (Bar Chart),Output per Hour (Line Chart),Cycle Time Analysis (Times < 5 x Processing Time APO),Cycle Time Analysis (Times < 10 x Processing Time APO),Cycle Time Analysis (All Times)",
			"type": "default",
			"enabled": true
		},
		{
			"key": "getMachineListFromArea_areaThingName",
			"value": "KBLisCoC1.1AssemblyAreaThing",
			"type": "default",
			"enabled": true
		},
		{
			"key": "getMachineListFromArea_plantCode",
			"value": "2001",
			"type": "default",
			"enabled": true
		},
		{
			"key": "GetMachineListfromArea_expectedMachineThingNames",
			"value": "KBLisLac2MachineThing,KBLisLac3MachineThing,KBLisLac4MachineThing",
			"type": "default",
			"enabled": true
		},
		{
			"key": "responseData",
			"value": "",
			"type": "any",
			"enabled": true
		},
		{
			"key": "GetTruckLocalKpisForMenue_expectedDisplayNames",
			"value": "CVS DLP1: Actual, CVS DLP1: Calculated Production Target, CVS DLP1: Calculated Production Target till now, CVS DLP1: Calculated Target, CVS DLP1: Parts Actual",
			"type": "default",
			"enabled": true
		},
		{
			"key": "GetLocalAreasforSmartKPIVisualization_KBPlantThing",
			"value": "KBALDTruckPlantThing",
			"type": "text",
			"enabled": true
		},
		{
			"key": "GetLocalAreasforSmartKPIVisualization_expectDisplaynames",
			"value": "All,All,Disk Brake,General,Machining,Mechatronics",
			"type": "default",
			"enabled": true
		},
		{
			"key": "GetStationsForTimeLossVisualization_KBPlantThing",
			"value": "KBALDTruckPlantThing",
			"type": "default",
			"enabled": true
		},
		{
			"key": "GetStationsForTimeLossVisualization_expectedDBKpiName",
			"value": "KBALDEAC2MachineThing,KBALDDMC80H-5348MachineThing,KBALDDR4-1MachineThing,KBALD2ChMachineThing,KBALD1ChMachineThing",
			"type": "default",
			"enabled": true
		},
		{
			"key": "GetMachinesforSmartKPIVisualization_AreaThing",
			"value": "KBALDAllAreaThing",
			"type": "default",
			"enabled": true
		},
		{
			"key": "GetMachinesforSmartKPIVisualization_expectedDisplaynames",
			"value": "EBZ 09,EBZ 08,EBZ 06,CAT Lack,DiskBreakTest",
			"type": "default",
			"enabled": true
		},
		{
			"key": "GetLocalPlantsforSmartKPIVisualization_KBDivisionThingName",
			"value": "KBTruckDivisionThing",
			"type": "default",
			"enabled": true
		},
		{
			"key": "GetLocalPlantsforSmartKPIVisualization_expectedThingnames",
			"value": "KBCVSTESTPLANT4KPICALCULATOR1PlantThing, KBCVSTESTPLANT4KPICALCULATOR2PlantThing, KBCVSTESTPLANT4KPICALCULATOR3PlantThing, KBALDTruckPlantThing",
			"type": "default",
			"enabled": true
		},
		{
			"key": "KBLocalShiftHelperThing-GetShiftHeaderTimeInfo_dayOfWeekinput",
			"value": "1",
			"type": "default",
			"enabled": true
		},
		{
			"key": "KBLocalShiftHelperThing-GetShiftHeaderTimeInfo_nextNweek",
			"value": "0",
			"type": "default",
			"enabled": true
		},
		{
			"key": "KBLocalShiftHelperThing-GetShiftHeaderTimeInfo_YYYYMMDD",
			"value": "2024-12-23",
			"type": "default",
			"enabled": true
		},
		{
			"key": "KBLocalShiftHelperThing-getAreaListFromPlant_plantThing",
			"value": "KBALDTruckPlantThing",
			"type": "default",
			"enabled": true
		},
		{
			"key": "KBLocalShiftHelperThing-getAreaListFromPlant_plantCode",
			"value": "2601",
			"type": "default",
			"enabled": true
		},
		{
			"key": "KBLocalShiftHelperThing-getAreaListFromPlant_expectedThingnames",
			"value": "KBALDAllAreaThing,KBALDDiskBrakeAreaThing,KBALDGeneralAreaThing,KBALDMachiningAreaThing,KBALDMechatronicsAreaThing",
			"type": "default",
			"enabled": true
		},
		{
			"key": "GetStringPropertyValue_propertyName",
			"value": "MainStationForLineStatus",
			"type": "default",
			"enabled": true
		},
		{
			"key": "GetStringPropertyValue_expectedResult",
			"value": "KBALDAWSS2StiwaStationThing",
			"type": "default",
			"enabled": true
		},
		{
			"key": "GetAllKpiDataForTruck_Machine",
			"value": "KBLISLa10MachineThing",
			"type": "default",
			"enabled": true
		},
		{
			"key": "GetAllKpiDataForTruck_StartDate",
			"value": "2025-01-14T05:00:00.000Z",
			"type": "default",
			"enabled": true
		},
		{
			"key": "GetAllKpiDataForTruck_EndDate",
			"value": "2025-01-15T05:00:00.000Z",
			"type": "default",
			"enabled": true
		},
		{
			"key": "GetAllKpiDataForTruck_expectedKPIName",
			"value": "CVS DLP1: Actual",
			"type": "default",
			"enabled": true
		},
		{
			"key": "KBSmartKPIHelperThing_isLinkedAreaWithPlant_PlantThing",
			"value": "KBALDTruckPlantThing",
			"type": "default",
			"enabled": true
		},
		{
			"key": "KBSmartKPIHelperThing_isLinkedAreaWithPlant_AreaThing",
			"value": "KBBERTruckPlantThing",
			"type": "default",
			"enabled": true
		},
		{
			"key": "GetKBLanguages_LanguageCommon",
			"value": "Korean (KR),German (DE),English (GB),Japanese (JP),Simplified Chinese",
			"type": "default",
			"enabled": true
		},
		{
			"key": "GetCVSMachinesForProductionAdvisor4_KPICalculationBase",
			"value": "Shift",
			"type": "default",
			"enabled": true
		},
		{
			"key": "GetCVSMachinesForProductionAdvisor4_EndDate",
			"value": "2025-02-12T05:18:25.000Z",
			"type": "default",
			"enabled": true
		},
		{
			"key": "GetCVSMachinesForProductionAdvisor4_StartDate",
			"value": "2025-02-13T05:18:25.000Z",
			"type": "default",
			"enabled": true
		},
		{
			"key": "GetCVSMachinesForProductionAdvisor4_Offset",
			"value": "0",
			"type": "default",
			"enabled": true
		},
		{
			"key": "GetCVSMachinesForProductionAdvisor4_Plant",
			"value": "KBALDTruckPlantThing",
			"type": "default",
			"enabled": true
		},
		{
			"key": "GetCVSMachinesForProductionAdvisor4_Area",
			"value": "KBALDTruckPlantThing",
			"type": "default",
			"enabled": true
		},
		{
			"key": "GetCVSMachinesForProductionAdvisor4_expectedMachineThingName",
			"value": "KBALDH5000-5443MachineThing,KBALDEL4AVTMachineThing,KBALDEL40AVMMachineThing,KBALDDiskBreakTestMachineThing,KBALDABS8MachineThing",
			"type": "default",
			"enabled": true
		},
		{
			"key": "GetPlantListForCurrentUser_expectedDisplayName",
			"value": "ALD,BER,BWG,KEC,LIB,LIS",
			"type": "default",
			"enabled": true
		},
		{
			"key": "GetStagingIdentifier_Result",
			"value": "TEST",
			"type": "default",
			"enabled": true
		},
		{
			"key": "getAreaEntitiesWithMachineNum_DisplayName",
			"value": "All,Disk Brake,General,Machining,Mechatronics,NfZ",
			"type": "default",
			"enabled": true
		},
		{
			"key": "GetValueStream_name",
			"value": "KBALDAllAreaValueStream",
			"type": "default",
			"enabled": true
		},
		{
			"key": "GetPropertyValues_KBMachineThing",
			"value": "KBALD1ChMachineThing,KBALD2ChMachineThing,KBALDDF4.1MachineThing,KBALDDF4AutoMachineThing,KBALDDR4-1MachineThing,KBALDEAC2.5MachineThing,KBALDEAC2MachineThing",
			"type": "default",
			"enabled": true
		},
		{
			"key": "getStationListFromMachine_machineThing",
			"value": "KBALD2ChMachineThing",
			"type": "default",
			"enabled": true
		},
		{
			"key": "getStationListFromMachine_DisplayName",
			"value": "2CH-FS1,Auftrag,Station102,Station11,Station12,Station13,Station14,Station2",
			"type": "default",
			"enabled": true
		},
		{
			"key": "GetDataForMachineAdminMashup_DisplayName",
			"value": "EPM-1Ch,EPM-2Ch,ABS 8.5,ABS8,AWSS,DF4.1,Df4Auto,DiskBreakTest,DMC80H-5348,DF 4.1,DRUS1,E2_5",
			"type": "default",
			"enabled": true
		}
	],
	"_postman_variable_scope": "environment",
	"_postman_exported_at": "2025-03-18T10:11:18.893Z",
	"_postman_exported_using": "Postman/11.35.3"
}