{
	"info": {
		"_postman_id": "9f07dbb4-5adb-4021-8aa4-da09fa75508c",
		"name": "CAPS-Collection",
		"schema": "https://schema.getpostman.com/json/collection/v2.0.0/collection.json",
		"_exporter_id": "34812529"
	},
	"item": [
		{
			"name": "CAL.DWI.ManageJobOrder.Helper-GetJobOrder",
			"event": [
				{
					"listen": "test",
					"script": {
						"exec": [
							"// Parse the response body as JSON",
							"const responseJson = pm.response.json();",
							" ",
							"// Store the response data in an environment variable for later use",
							"pm.environment.set(\"responseData\", JSON.stringify(responseJson));",
							" ",
							"// Log the data to the Postman Console for verification",
							"console.log(\"Stored response data:\", responseJson);",
							" ",
							"// Retrieve the stored response data from the environment variable",
							"const storedResponseData = pm.environment.get(\"responseData\");",
							" ",
							"if (storedResponseData) {",
							"    // Parse the stored JSON data",
							"    const storedJson = JSON.parse(storedResponseData);",
							"    // Parse the current response body",
							"    const currentResponseJson = pm.response.json();",
							"    // Retrieve the expected JobOrderUIDs from the environment variable",
							"    const expectedJobOrderUIDsString = pm.environment.get(\"expectedJobOrderUID\");",
							" ",
							"    // Check if the variable exists and split it into an array",
							"    if (expectedJobOrderUIDsString) {",
							"        const expectedJobOrderUIDs = expectedJobOrderUIDsString.split(',').map(Number); // Convert to numbers",
							" ",
							"        // Test: Check if 'rows' exists and has the correct structure",
							"        pm.test(\"Response contains 'rows' array\", function() {",
							"            pm.expect(currentResponseJson).to.have.property('rows');",
							"            pm.expect(currentResponseJson.rows).to.be.an('array').that.is.not.empty;",
							" ",
							"            // Check each object in 'rows' array",
							"            currentResponseJson.rows.forEach(row => {",
							"                pm.expect(row).to.have.property('JobOrderUID').that.is.a('number');",
							"            });",
							"        });",
							" ",
							"        // Test: Check if expected JobOrderUIDs are present in the response",
							"        pm.test(\"Check if expected JobOrderUIDs are in the response\", function() {",
							"            const currentJobOrderUIDs = currentResponseJson.rows.map(row => row.JobOrderUID);",
							"            expectedJobOrderUIDs.forEach(uid => {",
							"                pm.expect(currentJobOrderUIDs).to.include(uid, `JobOrderUID \"${uid}\" should be present in the response`);",
							"            });",
							"        });",
							" ",
							"        // Optional: Compare 'rows' data with stored data",
							"        pm.test(\"Compare 'rows' data with stored data\", function() {",
							"            const storedRows = storedJson.rows;",
							"            const currentRows = currentResponseJson.rows;",
							" ",
							"            // Ensure 'rows' arrays have the same length",
							"            pm.expect(currentRows).to.have.lengthOf(storedRows.length);",
							" ",
							"            // Check that every row in the current response matches a row in the stored response",
							"            currentRows.forEach(currentRow => {",
							"                const match = storedRows.find(storedRow => storedRow.JobOrderUID === currentRow.JobOrderUID);",
							"                pm.expect(match, `Row with JobOrderUID \"${currentRow.JobOrderUID}\" should be present in stored data`).to.not.be.undefined;",
							"                pm.expect(currentRow).to.deep.equal(match);",
							"            });",
							"        });",
							"    } else {",
							"        pm.test(\"No expected JobOrderUIDs found\", function() {",
							"            pm.expect.fail(\"Expected JobOrderUIDs are missing.\");",
							"        });",
							"    }",
							"} else {",
							"    pm.test(\"No stored response data found\", function() {",
							"        pm.expect.fail(\"Stored response data is missing.\");",
							"    });",
							"}"
						],
						"type": "text/javascript",
						"packages": {}
					}
				},
				{
					"listen": "prerequest",
					"script": {
						"exec": [
							""
						],
						"type": "text/javascript",
						"packages": {}
					}
				}
			],
			"protocolProfileBehavior": {
				"disabledSystemHeaders": {}
			},
			"request": {
				"auth": {
					"type": "noauth"
				},
				"method": "POST",
				"header": [
					{
						"key": "Cache-Control",
						"value": "no-cache",
						"type": "text"
					},
					{
						"key": "Accept",
						"value": "application/json",
						"type": "text"
					},
					{
						"key": "Content-Type",
						"value": "application/json",
						"type": "text"
					}
				],
				"body": {
					"mode": "raw",
					"raw": "",
					"options": {
						"raw": {
							"language": "json"
						}
					}
				},
				"url": {
					"raw": "{{baseurl}}/Thingworx/Things/CAL.DWI.ManageJobOrder.Helper/services/GetJobOrder/?appKey={{appkey_kba}}",
					"host": [
						"{{baseurl}}"
					],
					"path": [
						"Thingworx",
						"Things",
						"CAL.DWI.ManageJobOrder.Helper",
						"services",
						"GetJobOrder",
						""
					],
					"query": [
						{
							"key": "appKey",
							"value": "{{appkey_kba}}"
						}
					]
				}
			},
			"response": []
		},
		{
			"name": "CAL.DWI.ManageTPMTask.Helper-GetWorkstation",
			"event": [
				{
					"listen": "test",
					"script": {
						"exec": [
							"// Parse the response body as JSON",
							"const responseJson = pm.response.json();",
							"",
							"// Store the response data in an environment variable for later use",
							"pm.environment.set(\"responseData\", JSON.stringify(responseJson));",
							"",
							"// Log the data to the Postman Console for verification",
							"console.log(\"Stored response data:\", responseJson);",
							"",
							"// Retrieve the stored response data from the environment variable",
							"const storedResponseData = pm.environment.get(\"responseData\");",
							"",
							"if (storedResponseData) {",
							"    // Parse the stored JSON data",
							"    const storedJson = JSON.parse(storedResponseData);",
							"    // Parse the current response body",
							"    const currentResponseJson = pm.response.json();",
							"    ",
							"    // Retrieve the expected values from the environment variable",
							"    const expectedIdsString = pm.environment.get(\"expectedIds\");",
							"",
							"    // Check if the variable exists and split it into an array",
							"    if (expectedIdsString) {",
							"        const expectedIds = expectedIdsString.split(',').map(id => id.trim()); // No conversion to numbers",
							"",
							"        // Test: Check if 'rows' exists and has the correct structure",
							"        pm.test(\"Response contains 'rows' array\", function() {",
							"            pm.expect(currentResponseJson).to.have.property('rows');",
							"            pm.expect(currentResponseJson.rows).to.be.an('array').that.is.not.empty;",
							"",
							"            // Check each object in 'rows' array",
							"            currentResponseJson.rows.forEach(row => {",
							"                pm.expect(row).to.have.property('ID').that.is.a('string'); // Adjusted for string IDs",
							"            });",
							"        });",
							"",
							"        // Test: Check if expected IDs are present in the response",
							"        pm.test(\"Check if expected IDs are in the response\", function() {",
							"            const currentIds = currentResponseJson.rows.map(row => row.ID);",
							"            expectedIds.forEach(id => {",
							"                pm.expect(currentIds).to.include(id, `ID \"${id}\" should be present in the response`);",
							"            });",
							"        });",
							"",
							"        // Optional: Compare 'rows' data with stored data",
							"        pm.test(\"Compare 'rows' data with stored data\", function() {",
							"            const storedRows = storedJson.rows;",
							"            const currentRows = currentResponseJson.rows;",
							"",
							"            // Ensure 'rows' arrays have the same length",
							"            pm.expect(currentRows).to.have.lengthOf(storedRows.length);",
							"",
							"            // Check that every row in the current response matches a row in the stored response",
							"            currentRows.forEach(currentRow => {",
							"                const match = storedRows.find(storedRow => storedRow.ID === currentRow.ID);",
							"                pm.expect(match, `Row with ID \"${currentRow.ID}\" should be present in stored data`).to.not.be.undefined;",
							"                //pm.expect(currentRow).to.(match);",
							"            });",
							"        });",
							"    } else {",
							"        pm.test(\"No expected IDs found\", function() {",
							"            pm.expect.fail(\"Expected IDs are missing.\");",
							"        });",
							"    }",
							"} else {",
							"    pm.test(\"No stored response data found\", function() {",
							"        pm.expect.fail(\"Stored response data is missing.\");",
							"    });",
							"}",
							""
						],
						"type": "text/javascript",
						"packages": {}
					}
				},
				{
					"listen": "prerequest",
					"script": {
						"exec": [
							""
						],
						"type": "text/javascript",
						"packages": {}
					}
				}
			],
			"protocolProfileBehavior": {
				"disabledSystemHeaders": {
					"accept": true
				}
			},
			"request": {
				"auth": {
					"type": "noauth"
				},
				"method": "POST",
				"header": [
					{
						"key": "Cache-Control",
						"value": "no-cache",
						"type": "text"
					},
					{
						"key": "Content-Type",
						"value": "application/json",
						"type": "text"
					},
					{
						"key": "Accept",
						"value": "application/json",
						"type": "text"
					}
				],
				"body": {
					"mode": "raw",
					"raw": "",
					"options": {
						"raw": {
							"language": "json"
						}
					}
				},
				"url": {
					"raw": "{{baseurl}}/Thingworx/Things/CAL.DWI.ManageTPMTask.Helper/services/GetWorkstation/?appKey={{appkey_kba}}",
					"host": [
						"{{baseurl}}"
					],
					"path": [
						"Thingworx",
						"Things",
						"CAL.DWI.ManageTPMTask.Helper",
						"services",
						"GetWorkstation",
						""
					],
					"query": [
						{
							"key": "appKey",
							"value": "{{appkey_kba}}"
						}
					]
				}
			},
			"response": []
		},
		{
			"name": "CAL.DWI.ManageTPMTask.Helper-GetTPMTaskTypes",
			"event": [
				{
					"listen": "test",
					"script": {
						"exec": [
							"// Parse the response body as JSON ",
							"const responseJson = pm.response.json();",
							"",
							"// Store the response data in an environment variable for later use",
							"pm.environment.set(\"responseData\", JSON.stringify(responseJson));",
							"",
							"// Log the data to the Postman Console for verification",
							"console.log(\"Stored response data:\", responseJson);",
							"",
							"// Retrieve the stored response data from the environment variable",
							"const storedResponseData = pm.environment.get(\"responseData\");",
							"",
							"if (storedResponseData) {",
							"    // Parse the stored JSON data",
							"    const storedJson = JSON.parse(storedResponseData);",
							"    // Parse the current response body",
							"    const currentResponseJson = pm.response.json();",
							"    ",
							"    // Retrieve the expected localization tokens from the environment variable",
							"    const expectedTokensString = pm.environment.get(\"expectedLocalizationToken\");",
							"",
							"    // Check if the variable exists and split it into an array",
							"    if (expectedTokensString) {",
							"        const expectedTokens = expectedTokensString.split(',').map(token => token.trim());",
							"",
							"        // Test: Check if 'rows' exists and has the correct structure",
							"        pm.test(\"Response contains 'rows' array\", function() {",
							"            pm.expect(currentResponseJson).to.have.property('rows');",
							"            pm.expect(currentResponseJson.rows).to.be.an('array').that.is.not.empty;",
							"",
							"            // Check each token in 'localizationTokens' array",
							"            currentResponseJson.rows.forEach(row => {",
							"                pm.expect(row).to.have.property('LocalizationToken').that.is.a('string');",
							"            });",
							"        });",
							"",
							"        // Test: Check if expected localization tokens are present in the response",
							"        pm.test(\"Check if expected localization tokens are in the response\", function() {",
							"            const currentTokens = currentResponseJson.rows.map(row => row.LocalizationToken);",
							"            expectedTokens.forEach(token => {",
							"                pm.expect(currentTokens).to.include(token, `Token \"${token}\" should be present in the response`);",
							"            });",
							"        });",
							"",
							"        // Optional: Compare 'localizationTokens' data with stored data",
							"        pm.test(\"Compare 'rows' data with stored data\", function() {",
							"            const storedRows = storedJson.rows;",
							"            const currentRows = currentResponseJson.rows;",
							"",
							"            // Ensure 'rows' arrays have the same length",
							"            pm.expect(currentRows).to.have.lengthOf(storedRows.length);",
							"",
							"            // Check that every row in the current response matches a row in the stored response",
							"            currentRows.forEach(currentRow => {",
							"                const match = storedRows.find(storedRow => storedRow.LocalizationToken === currentRow.LocalizationToken);",
							"                pm.expect(match, `Row with LocalizationToken \"${currentRow.LocalizationToken}\" should be present in stored data`).to.not.be.undefined;",
							"                //pm.expect(currentRow).to.(match);",
							"            });",
							"        });",
							"    } else {",
							"        pm.test(\"No expected LocalizationToken found\", function() {",
							"            pm.expect.fail(\"Expected LocalizationToken are missing.\");",
							"        });",
							"    }",
							"} else {",
							"    pm.test(\"No stored response data found\", function() {",
							"        pm.expect.fail(\"Stored response data is missing.\");",
							"    });",
							"}",
							""
						],
						"type": "text/javascript",
						"packages": {}
					}
				},
				{
					"listen": "prerequest",
					"script": {
						"exec": [
							""
						],
						"type": "text/javascript",
						"packages": {}
					}
				}
			],
			"protocolProfileBehavior": {
				"disabledSystemHeaders": {}
			},
			"request": {
				"auth": {
					"type": "noauth"
				},
				"method": "POST",
				"header": [
					{
						"key": "Cache-Control",
						"value": "no-cache",
						"type": "text"
					},
					{
						"key": "Content-Type",
						"value": "application/json",
						"type": "text"
					},
					{
						"key": "Accept",
						"value": "application/json",
						"type": "text"
					}
				],
				"body": {
					"mode": "raw",
					"raw": "",
					"options": {
						"raw": {
							"language": "json"
						}
					}
				},
				"url": {
					"raw": "{{baseurl}}/Thingworx/Things/CAL.DWI.ManageTPMTask.Helper/services/GetTPMTaskTypes/?appKey={{appkey_kba}}",
					"host": [
						"{{baseurl}}"
					],
					"path": [
						"Thingworx",
						"Things",
						"CAL.DWI.ManageTPMTask.Helper",
						"services",
						"GetTPMTaskTypes",
						""
					],
					"query": [
						{
							"key": "appKey",
							"value": "{{appkey_kba}}"
						}
					]
				}
			},
			"response": []
		},
		{
			"name": "CAL.DWI.ManageTPMTask.Helper-GetTPMTasks",
			"event": [
				{
					"listen": "test",
					"script": {
						"exec": [
							"// Parse the response body as JSON \r",
							"const responseJson = pm.response.json();\r",
							"\r",
							"// Store the response data in an environment variable for later use\r",
							"pm.environment.set(\"responseData\", JSON.stringify(responseJson));\r",
							"\r",
							"// Log the data to the Postman Console for verification\r",
							"console.log(\"Stored response data:\", responseJson);\r",
							"\r",
							"// Retrieve the stored response data from the environment variable\r",
							"const storedResponseData = pm.environment.get(\"responseData\");\r",
							"\r",
							"if (storedResponseData) {\r",
							"    // Parse the stored JSON data\r",
							"    const storedJson = JSON.parse(storedResponseData);\r",
							"    // Parse the current response body\r",
							"    const currentResponseJson = pm.response.json();\r",
							"    \r",
							"    // Retrieve the expected localization tokens from the environment variable\r",
							"    const expectedTypeLocalizationTokenString = pm.environment.get(\"expectedTypeLocalizationToken\");\r",
							"\r",
							"    // Check if the variable exists and split it into an array\r",
							"    if (expectedTypeLocalizationTokenString) {\r",
							"        const expectedTypeLocalizationToken= expectedTypeLocalizationTokenString.split(',').map(TypeLocalizationToken => TypeLocalizationToken.trim());\r",
							"\r",
							"        // Test: Check if 'rows' exists and has the correct structure\r",
							"        pm.test(\"Response contains 'rows' array\", function() {\r",
							"            pm.expect(currentResponseJson).to.have.property('rows');\r",
							"            pm.expect(currentResponseJson.rows).to.be.an('array').that.is.not.empty;\r",
							"\r",
							"            // Check each token in 'localizationTokens' array\r",
							"            currentResponseJson.rows.forEach(row => {\r",
							"                pm.expect(row).to.have.property('TypeLocalizationToken').that.is.a('string');\r",
							"            });\r",
							"        });\r",
							"\r",
							"        // Test: Check if expected localization tokens are present in the response\r",
							"        pm.test(\"Check if expected localization tokens are in the response\", function() {\r",
							"            const currentTypeLocalizationToken = currentResponseJson.rows.map(row => row.TypeLocalizationToken);\r",
							"            expectedTypeLocalizationToken.forEach( TypeLocalizationToken=> {\r",
							"                pm.expect(currentTypeLocalizationToken).to.include(TypeLocalizationToken, `TypeLocalizationToken \"${TypeLocalizationToken}\" should be present in the response`);\r",
							"            });\r",
							"        });\r",
							"\r",
							"        // Optional: Compare 'localizationTokens' data with stored data\r",
							"        pm.test(\"Compare 'rows' data with stored data\", function() {\r",
							"            const storedRows = storedJson.rows;\r",
							"            const currentRows = currentResponseJson.rows;\r",
							"\r",
							"            // Ensure 'rows' arrays have the same length\r",
							"            pm.expect(currentRows).to.have.lengthOf(storedRows.length);\r",
							"\r",
							"            // Check that every row in the current response matches a row in the stored response\r",
							"            currentRows.forEach(currentRow => {\r",
							"                const match = storedRows.find(storedRow => storedRow.LocalizationToken === currentRow.LocalizationToken);\r",
							"                pm.expect(match, `Row with LocalizationToken \"${currentRow.LocalizationToken}\" should be present in stored data`).to.not.be.undefined;\r",
							"                //pm.expect(currentRow).to.(match);\r",
							"            });\r",
							"        });\r",
							"    } else {\r",
							"        pm.test(\"No expected LocalizationToken found\", function() {\r",
							"            pm.expect.fail(\"Expected LocalizationToken are missing.\");\r",
							"        });\r",
							"    }\r",
							"} else {\r",
							"    pm.test(\"No stored response data found\", function() {\r",
							"        pm.expect.fail(\"Stored response data is missing.\");\r",
							"    });\r",
							"}\r",
							""
						],
						"type": "text/javascript",
						"packages": {}
					}
				}
			],
			"request": {
				"method": "POST",
				"header": [
					{
						"key": "Content-Type",
						"value": "application/json",
						"type": "text"
					},
					{
						"key": "Accept",
						"value": "application/json",
						"type": "text"
					},
					{
						"key": "Cache-Control",
						"value": "no-cache",
						"type": "text"
					}
				],
				"body": {
					"mode": "raw",
					"raw": "{\r\n    \"TaskTypeUID\":\"{{TaskTypeUID}}\",\r\n    \"Workstation\":\"{{Workstation}}\"\r\n}",
					"options": {
						"raw": {
							"language": "json"
						}
					}
				},
				"url": {
					"raw": "{{baseurl}}/Thingworx/Things/CAL.DWI.ManageTPMTask.Helper/services/GetTPMTasks/?appKey={{appkey_kba}}",
					"host": [
						"{{baseurl}}"
					],
					"path": [
						"Thingworx",
						"Things",
						"CAL.DWI.ManageTPMTask.Helper",
						"services",
						"GetTPMTasks",
						""
					],
					"query": [
						{
							"key": "appKey",
							"value": "{{appkey_kba}}"
						}
					]
				}
			},
			"response": []
		},
		{
			"name": "CAL.DWI.ManageWorkstation.Helper_GetPlantStationList",
			"event": [
				{
					"listen": "test",
					"script": {
						"exec": [
							"// Parse the response body as JSON\r",
							"const responseJson = pm.response.json();\r",
							"\r",
							"// Store the response data in an environment variable for later use\r",
							"pm.environment.set(\"responseData\", JSON.stringify(responseJson));\r",
							"\r",
							"// Log the data to the Postman Console for verification\r",
							"console.log(\"Stored response data:\", responseJson);\r",
							"\r",
							"// Retrieve the stored response data from the environment variable\r",
							"const storedResponseData = pm.environment.get(\"responseData\");\r",
							"\r",
							"if (storedResponseData) {\r",
							"    // Parse the stored JSON data\r",
							"    const storedJson = JSON.parse(storedResponseData);\r",
							"    // Parse the current response body\r",
							"    const currentResponseJson = pm.response.json();\r",
							"    \r",
							"    // Retrieve the expected values from the environment variable\r",
							"    const expectedIdsString = pm.environment.get(\"expectedIds\");\r",
							"\r",
							"    // Check if the variable exists and split it into an array\r",
							"    if (expectedIdsString) {\r",
							"        const expectedIds = expectedIdsString.split(',').map(id => id.trim()); // No conversion to numbers\r",
							"\r",
							"        // Test: Check if 'rows' exists and has the correct structure\r",
							"        pm.test(\"Response contains 'rows' array\", function() {\r",
							"            pm.expect(currentResponseJson).to.have.property('rows');\r",
							"            pm.expect(currentResponseJson.rows).to.be.an('array').that.is.not.empty;\r",
							"\r",
							"            // Check each object in 'rows' array\r",
							"            currentResponseJson.rows.forEach(row => {\r",
							"                pm.expect(row).to.have.property('ID').that.is.a('string'); // Adjusted for string IDs\r",
							"            });\r",
							"        });\r",
							"\r",
							"        // Test: Check if expected IDs are present in the response\r",
							"        pm.test(\"Check if expected IDs are in the response\", function() {\r",
							"            const currentIds = currentResponseJson.rows.map(row => row.ID);\r",
							"            expectedIds.forEach(id => {\r",
							"                pm.expect(currentIds).to.include(id, `ID \"${id}\" should be present in the response`);\r",
							"            });\r",
							"        });\r",
							"\r",
							"        // Optional: Compare 'rows' data with stored data\r",
							"        pm.test(\"Compare 'rows' data with stored data\", function() {\r",
							"            const storedRows = storedJson.rows;\r",
							"            const currentRows = currentResponseJson.rows;\r",
							"\r",
							"            // Ensure 'rows' arrays have the same length\r",
							"            pm.expect(currentRows).to.have.lengthOf(storedRows.length);\r",
							"\r",
							"            // Check that every row in the current response matches a row in the stored response\r",
							"            currentRows.forEach(currentRow => {\r",
							"                const match = storedRows.find(storedRow => storedRow.ID === currentRow.ID);\r",
							"                pm.expect(match, `Row with ID \"${currentRow.ID}\" should be present in stored data`).to.not.be.undefined;\r",
							"                //pm.expect(currentRow).to.(match);\r",
							"            });\r",
							"        });\r",
							"    } else {\r",
							"        pm.test(\"No expected IDs found\", function() {\r",
							"            pm.expect.fail(\"Expected IDs are missing.\");\r",
							"        });\r",
							"    }\r",
							"} else {\r",
							"    pm.test(\"No stored response data found\", function() {\r",
							"        pm.expect.fail(\"Stored response data is missing.\");\r",
							"    });\r",
							"}\r",
							""
						],
						"type": "text/javascript",
						"packages": {}
					}
				}
			],
			"request": {
				"method": "POST",
				"header": [
					{
						"key": "Content-Type",
						"value": "application/json",
						"type": "text"
					},
					{
						"key": "Accept",
						"value": "application/json",
						"type": "text"
					},
					{
						"key": "Cache-Control",
						"value": "no-cache",
						"type": "text"
					}
				],
				"body": {
					"mode": "raw",
					"raw": "",
					"options": {
						"raw": {
							"language": "json"
						}
					}
				},
				"url": {
					"raw": "{{baseurl}}/Thingworx/Things/CAL.DWI.ManageWorkstation.Helper/services/GetPlantStationList?appKey={{appkey_kba}}",
					"host": [
						"{{baseurl}}"
					],
					"path": [
						"Thingworx",
						"Things",
						"CAL.DWI.ManageWorkstation.Helper",
						"services",
						"GetPlantStationList"
					],
					"query": [
						{
							"key": "appKey",
							"value": "{{appkey_kba}}"
						}
					]
				}
			},
			"response": []
		},
		{
			"name": "CAL.DWI.TotalProductionMaintainance.Helper_CheckPendingTPMTask",
			"event": [
				{
					"listen": "test",
					"script": {
						"exec": [
							"// Parse the response body as JSON \r",
							"const responseJson = pm.response.json();\r",
							"\r",
							"// Store the response data in an environment variable for later use\r",
							"pm.environment.set(\"responseData\", JSON.stringify(responseJson));\r",
							"\r",
							"// Log the data to the Postman Console for verification\r",
							"console.log(\"Stored response data:\", responseJson);\r",
							"\r",
							"// Retrieve the stored response data from the environment variable\r",
							"const storedResponseData = pm.environment.get(\"responseData\");\r",
							"\r",
							"if (storedResponseData) {\r",
							"    // Parse the stored JSON data\r",
							"    const storedJson = JSON.parse(storedResponseData);\r",
							"    // Parse the current response body\r",
							"    const currentResponseJson = pm.response.json();\r",
							"    \r",
							"    // Retrieve the expected localization tokens from the environment variable\r",
							"    const expectedResultString = pm.environment.get(\"expectedResult\");\r",
							"\r",
							"    // Check if the variable exists and split it into an array\r",
							"    if (expectedResultString) {\r",
							"        const expectedResult = expectedResultString.split(',').map(result => result.trim());\r",
							"\r",
							"        // Test: Check if 'rows' exists and has the correct structure\r",
							"        pm.test(\"Response contains 'rows' array\", function() {\r",
							"            pm.expect(currentResponseJson).to.have.property('rows');\r",
							"            pm.expect(currentResponseJson.rows).to.be.an('array').that.is.not.empty;\r",
							"\r",
							"            // Check each token in 'localizationTokens' array\r",
							"            currentResponseJson.rows.forEach(row => {\r",
							"                pm.expect(row).to.have.property('result');\r",
							"            });\r",
							"        });\r",
							"\r",
							"        // Test: Check if expected localization tokens are present in the response\r",
							"        pm.test(\"Check if expected result tokens are in the response\", function() {\r",
							"            const currentResult = currentResponseJson.rows.map(row => row.result);\r",
							"\r",
							"            // Loop through expected results and ensure they're in the current response\r",
							"            expectedResult.forEach(result => {\r",
							"                // Handle boolean 'false' as string 'false'\r",
							"                if (result === 'false') {\r",
							"                    // Compare the string 'false' to boolean false\r",
							"                    pm.expect(currentResult).to.include(false, `result \"false\" should be present in the response`);\r",
							"                } else if (result === 'true') {\r",
							"                    // Compare the string 'true' to boolean true\r",
							"                    pm.expect(currentResult).to.include(true, `result \"true\" should be present in the response`);\r",
							"                } else {\r",
							"                    // Compare the expected value as is\r",
							"                    pm.expect(currentResult).to.include(result, `result \"${result}\" should be present in the response`);\r",
							"                }\r",
							"            });\r",
							"        });\r",
							"    }\r",
							"}\r",
							""
						],
						"type": "text/javascript",
						"packages": {}
					}
				}
			],
			"request": {
				"auth": {
					"type": "noauth"
				},
				"method": "POST",
				"header": [
					{
						"key": "Content-Type",
						"value": "application/json",
						"type": "text"
					},
					{
						"key": "Accept",
						"value": "application/json",
						"type": "text"
					},
					{
						"key": "Cache-Control",
						"value": "no-cache",
						"type": "text"
					}
				],
				"body": {
					"mode": "raw",
					"raw": "{\r\n    \"Workstation\":\"{{Workstation}}\"\r\n}",
					"options": {
						"raw": {
							"language": "json"
						}
					}
				},
				"url": {
					"raw": "{{baseurl}}/Thingworx/Things/CAL.DWI.TotalProductionMaintainance.Helper/services/CheckPendingTPMTask?appKey={{appkey_kba}}",
					"host": [
						"{{baseurl}}"
					],
					"path": [
						"Thingworx",
						"Things",
						"CAL.DWI.TotalProductionMaintainance.Helper",
						"services",
						"CheckPendingTPMTask"
					],
					"query": [
						{
							"key": "appKey",
							"value": "{{appkey_kba}}"
						}
					]
				}
			},
			"response": []
		}
	]
}