{
	"id": "53fccb69-a2d2-403e-a6c4-cc2a3fd63000",
	"name": "CAPS Environment",
	"values": [
		{
			"key": "baseurl",
			"value": "https://smartproductionrvstest.corp.knorr-bremse.com",
			"type": "default",
			"enabled": true
		},
		{
			"key": "appkey_kba",
			"value": "a59beff9-da8f-4700-ab43-240c97e0ac1a",
			"type": "default",
			"enabled": true
		},
		{
			"key": "responseData",
			"value": "",
			"type": "any",
			"enabled": true
		},
		{
			"key": "expectedJobOrderUID",
			"value": "31,32,33",
			"type": "default",
			"enabled": true
		},
		{
			"key": "expectedIds",
			"value": "TESTworkstation,TESTws-02",
			"type": "default",
			"enabled": true
		},
		{
			"key": "expectedLocalizationToken",
			"value": "CAL.DWI.TPMTaskType.5S,CAL.DWI.TPMTaskType.Maintenance,CAL.DWI.TPMTaskType.Calibration\n",
			"type": "default",
			"enabled": true
		},
		{
			"key": "Workstation",
			"value": "TESTworkstation",
			"type": "default",
			"enabled": true
		},
		{
			"key": "TaskTypeUID",
			"value": "1",
			"type": "default",
			"enabled": true
		},
		{
			"key": "expectedTypeLocalizationToken",
			"value": "CAL.DWI.TPMTaskType.5S",
			"type": "default",
			"enabled": true
		},
		{
			"key": "expectedResult",
			"value": "false",
			"type": "default",
			"enabled": true
		},
		{
			"key": "partNumber",
			"value": "TEST013",
			"type": "default",
			"enabled": true
		},
		{
			"key": "expectedJobOrderSapID",
			"value": "1702202501",
			"type": "default",
			"enabled": true
		}
	],
	"_postman_variable_scope": "environment",
	"_postman_exported_at": "2025-03-26T05:20:08.539Z",
	"_postman_exported_using": "Postman/11.35.3"
}